CONGRESS 2012 to 2020 in ALASKA,,,,,,,,,,,,,,,,,,,,,,,
,,,,,,,,,,,,,,,,,,,,,,,
Office,State,CensusPop,raceYear,Area,AreaNumber,RedistrictedDate,RepVotes,RepCandidate,RepStatus,DemVotes,DemCandidate,DemStatus,ThirdParty,ThirdVotes,ThirdCandidate,ThirdStatus,OtherVotes,PluralityVotes,PluralityParty,ThirdVotesTotalPercent,RepVotesMajorPercent,DemVotesMajorPercent,RaceNotes
House,Alaska,N/A,2018,At Large,1,N/A,"149,779","Young, Don",Incumbent,"131,199","Galvin, Alyse  S.",Challenger,Write-in,"1,188",Write-In,Challenger,N/A,"18,580",R,0.42,53.31,46.69,
House,Alaska,N/A,2016,At Large,1,N/A,"155,088","Young, Don",Incumbent,"111,019","Lindbeck, Steve",Challenger,Libertarian,"31,770","McDermott, Jim C.",Challenger,"10,321","44,069",R,10.31,58.28,41.72,"The other vote was: Souphanavong, Bernie (No Party Affiliation) 9,093; Write-In (Write-in) 1,228"
House,Alaska,N/A,2014,At Large,1,N/A,"142,572","Young, Don",Incumbent,"114,602","Dunbar, Forrest",Challenger,Libertarian,"21,290","McDermott, Jim C.",Challenger,"1,277","27,970",R,7.61,55.44,44.56,"The other vote was: Write-In (Write-in) 1,277"
House,Alaska,N/A,2012,At Large,1,N/A,"185,296","Young, Don",Incumbent,"82,927","Cissna, Sharon M.",Challenger,Libertarian,"15,028","McDermott, Jim C.",Challenger,"6,553","102,369",R,5.19,69.08,30.92,"The other vote was: Gianoutsos, Ted (Non Affiliated) 5,589; Scattered Write-In (Write-in) 964"
,,,,,,,,,,,,,,,,,,,,,,,
,,,,,,,,,,,,,,,,,,,,,,,
,,,,,,,,,,,,,,,,,,,,,,,
CONGRESS 2012 to 2020 in ARIZONA,,,,,,,,,,,,,,,,,,,,,,,
,,,,,,,,,,,,,,,,,,,,,,,
Office,State,CensusPop,raceYear,Area,AreaNumber,RedistrictedDate,RepVotes,RepCandidate,RepStatus,DemVotes,DemCandidate,DemStatus,ThirdParty,ThirdVotes,ThirdCandidate,ThirdStatus,OtherVotes,PluralityVotes,PluralityParty,ThirdVotesTotalPercent,RepVotesMajorPercent,DemVotesMajorPercent,RaceNotes
House,Arizona,N/A,2018,District 1,1,20120101,"122,784","Rogers, Wendy",Challenger,"143,240","O'Halleran, Tom",Incumbent,Write-in,65,"Shock, David",Challenger,N/A,"20,456",D,0.02,46.16,53.84,
House,Arizona,N/A,2016,District 1,1,20120101,"121,745","Babeu, Paul",Challenger,"142,219","O'Halleran, Tom",Challenger,Green,"16,746","Parrish, Ray",Challenger,N/A,"20,474",D,5.97,46.12,53.88,
House,Arizona,N/A,2014,District 1,1,20120101,"87,723","Tobin, Andy",Challenger,"97,391","Kirkpatrick, Ann",Incumbent,N/A,N/A,N/A,N/A,N/A,"9,668",D,0,47.39,52.61,
House,Arizona,N/A,2012,District 1,1,20120101,"113,594","Paton, Jonathan",Challenger,"122,774","Kirkpatrick, Ann",Challenger,Libertarian,"15,227","Allen, Kim",Challenger,N/A,"9,180",D,6.05,48.06,51.94,
House,Arizona,N/A,2018,District 2,2,20120101,"133,083","Peterson, Lea Marquez",Challenger,"161,000","Kirkpatrick, Ann",Challenger,Write-in,50,"Flayer, Jordan",Challenger,19,"27,917",D,0.02,45.25,54.75,"The other vote was: Grable, Melissa (Write-in) 19"
House,Arizona,N/A,2016,District 2,2,20120101,"179,806","McSally, Martha",Incumbent,"135,873","Heinz, Matt",Challenger,N/A,N/A,N/A,N/A,N/A,"43,933",R,0,56.96,43.04,
House,Arizona,N/A,2014,District 2,2,20120101,"109,704","McSally, Martha",Challenger,"109,543","Barber, Ron",Incumbent,Write-in,56,"Ramirez, Sampson U.",Challenger,48,161,R,0.03,50.04,49.96,"The other vote was: Dudikoff, Sydney (Write-in) 48"
House,Arizona,N/A,2012,District 2,2,20120101,"144,884","McSally, Martha",Challenger,"147,338","Barber, Ron",Incumbent,Write-in,57,"Prowell, Anthony",Challenger,N/A,"2,454",D,0.02,49.58,50.42,
House,Arizona,N/A,2018,District 3,3,20120101,"64,868","Pierson, Nicholas",Challenger,"114,650","Grijalva, Raúl M.",Incumbent,N/A,N/A,N/A,N/A,N/A,"49,782",D,0,36.13,63.87,
House,Arizona,N/A,2016,District 3,3,20120101,N/A,N/A,N/A,"148,973","Grijalva, Raúl M.",Incumbent,Write-in,"1,303","Abatecola, Bill",Challenger,759,"147,670",D,0.86,0,100,"The other vote was: Vasquez, Jaime (Write-in) 332; Martin, Harvey (Write-in) 283; Sanchez, F. (Write-in) 144"
House,Arizona,N/A,2014,District 3,3,20120101,"46,185","Saucedo Mercer, Gabriella",Challenger,"58,192","Grijalva, Raúl M.",Incumbent,Write-in,43,"Sanchez, F.",Challenger,8,"12,007",D,0.04,44.25,55.75,"The other vote was: Thomspon, Lee (Write-in) 8"
House,Arizona,N/A,2012,District 3,3,20120101,"62,663","Saucedo Mercer, Gabriella",Challenger,"98,468","Grijalva, Raúl M.",Incumbent,Libertarian,"7,567","Guerra, Blanca",Challenger,N/A,"35,805",D,4.49,38.89,61.11,
House,Arizona,N/A,2018,District 4,4,20120101,"188,842","Gosar, Paul",Incumbent,"84,521","Brill, David",Challenger,Green,"3,672","Knauer, Haryaksha Gregor",Challenger,N/A,"104,321",R,1.33,69.08,30.92,
House,Arizona,N/A,2016,District 4,4,20120101,"203,487","Gosar, Paul",Incumbent,"81,296","Weisser, Mikel",Challenger,N/A,N/A,N/A,N/A,N/A,"122,191",R,0,71.45,28.55,
House,Arizona,N/A,2014,District 4,4,20120101,"122,560","Gosar, Paul",Incumbent,"45,179","Weisser, Mikel",Challenger,Libertarian,"7,440","Rike, Chris",Challenger,N/A,"77,381",R,4.25,73.07,26.93,
House,Arizona,N/A,2012,District 4,4,20120101,"162,907","Gosar, Paul",Incumbent,"69,154","Robinson, Johnnie",Challenger,Libertarian,"9,306","Pamelia, Joe",Challenger,"2,393","93,753",R,3.82,70.2,29.8,"The other vote was: Grayson, Richard (Americans Elect) 2,393"
House,Arizona,N/A,2018,District 5,5,20120101,"186,037","Biggs, Andy",Incumbent,"127,027","Greene, Joan",Challenger,N/A,N/A,N/A,N/A,N/A,"59,010",R,0,59.42,40.58,
House,Arizona,N/A,2016,District 5,5,20120101,"205,184","Biggs, Andy",Challenger,"114,940","Fuentes, Talia",Challenger,N/A,N/A,N/A,N/A,N/A,"90,244",R,0,64.1,35.9,
House,Arizona,N/A,2014,District 5,5,20120101,"124,867","Salmon, Matt",Incumbent,"54,596","Woods, James Issac",Challenger,N/A,N/A,N/A,N/A,N/A,"70,271",R,0,69.58,30.42,
House,Arizona,N/A,2012,District 5,5,20120101,"183,470","Salmon, Matt",Challenger,"89,589","Morgan, Spencer",Challenger,N/A,N/A,N/A,N/A,N/A,"93,881",R,0,67.19,32.81,
House,Arizona,N/A,2018,District 6,6,20120101,"173,140","Schweikert, David",Incumbent,"140,559","Malik, Anita",Challenger,N/A,N/A,N/A,N/A,N/A,"32,581",R,0,55.19,44.81,
House,Arizona,N/A,2016,District 6,6,20120101,"201,578","Schweikert, David",Incumbent,"122,866","Williamson, W. John",Challenger,N/A,N/A,N/A,N/A,N/A,"78,712",R,0,62.13,37.87,
House,Arizona,N/A,2014,District 6,6,20120101,"129,578","Schweikert, David",Incumbent,"70,198","Williamson, W. John",Challenger,N/A,N/A,N/A,N/A,N/A,"59,380",R,0,64.86,35.14,
House,Arizona,N/A,2018,District 7,7,20120101,N/A,N/A,N/A,"113,044","Gallego, Ruben",Incumbent,Green,"18,706","Swing, Gary",Challenger,301,"94,338",D,14.17,0,100,"The other vote was: Bond , James IV (Write-in) 301"
House,Arizona,N/A,2016,District 7,7,20120101,"39,286","Nunez, Eve",Challenger,"119,465","Gallego, Ruben",Incumbent,Write-in,60,"Westbrooks, Neil B.",Challenger,N/A,"80,179",D,0.04,24.75,75.25,
House,Arizona,N/A,2012,District 7,7,20120101,N/A,N/A,N/A,"104,489","Pastor, Ed",Incumbent,Libertarian,"23,338","Cobb, Joe",Challenger,N/A,"81,151",D,18.26,0,100,
House,Arizona,N/A,2018,District 8,8,20120101,"168,835","Lesko, Debbie",Incumbent,"135,569","Tipirneni, Hiral",Challenger,Write-in,13,"Hummel, Steven",Challenger,N/A,"33,266",R,0,55.46,44.54,
House,Arizona,N/A,2016,District 8,8,20120101,"204,942","Franks, Trent",Incumbent,N/A,N/A,N/A,Green,"93,954","Salazar, Mark",Challenger,75,"110,988",R,31.43,100,0,"The other vote was: Keener, Hayden III (Write-in) 75"
House,Arizona,N/A,2012,District 6,6,20120101,"179,706","Schweikert, David",Incumbent,"97,666","Jette, Matthew",Challenger,Libertarian,"10,167","Anderson, Jack",Challenger,"5,638","82,040",R,3.47,64.79,35.21,"The other vote was: Salazar, Mark (Green) 5,637; Ketover, James (Write-in) 1"
House,Arizona,N/A,2014,District 7,7,20120101,N/A,N/A,N/A,"54,235","Gallego, Ruben",Challenger,Libertarian,"10,715","Cobb, Joe",Challenger,"7,502","43,520",D,14.79,0,100,"The other vote was: DeWitt, Rebecca (Americans Elect) 3,856; Penalosa, Jose (Independent) 3,496; Dunn, Gary (Write-in) 129; Ortega, Gustavo (Write-in) 17; Esquivel, Samuel (Write-in) 4"
House,Arizona,N/A,2014,District 8,8,20120101,"128,710","Franks, Trent",Incumbent,N/A,N/A,N/A,Americans Elect,"41,066","Dolgos, Stephen",Challenger,N/A,"87,644",R,24.19,100,0,
House,Arizona,N/A,2012,District 8,8,20120101,"172,809","Franks, Trent",Incumbent,"95,635","Scharer, Gene",Challenger,Americans Elect,"4,347","Dolgos, Stephen",Challenger,N/A,"77,174",R,1.59,64.37,35.63,
House,Arizona,N/A,2018,District 9,9,20120101,"101,662","Ferrara, Stephen L.",Challenger,"159,583","Stanton, Greg",Challenger,N/A,N/A,N/A,N/A,N/A,"57,921",D,0,38.91,61.09,
House,Arizona,N/A,2016,District 9,9,20120101,"108,350","Giles, Dave",Challenger,"169,055","Sinema, Kyrsten",Incumbent,Write-in,56,"Dolego, Cary",Challenger,46,"60,705",D,0.02,39.06,60.94,"The other vote was: Bello, Axel (Write-in) 46"
House,Arizona,N/A,2014,District 9,9,20120101,"67,841","Rogers, Wendy",Challenger,"88,609","Sinema, Kyrsten",Incumbent,Libertarian,"5,612","Gammill, Powell E.",Challenger,N/A,"20,768",D,3.46,43.36,56.64,
House,Arizona,N/A,2012,District 9,9,20120101,"111,630","Parker, Vernon B.",Challenger,"121,881","Sinema, Kyrsten",Challenger,Libertarian,"16,620","Gammill, Powell E.",Challenger,N/A,"10,251",D,6.64,47.81,52.19,
,,,,,,,,,,,,,,,,,,,,,,,
,,,,,,,,,,,,,,,,,,,,,,,
,,,,,,,,,,,,,,,,,,,,,,,
CONGRESS 2012 to 2020 in ARKANSAS,,,,,,,,,,,,,,,,,,,,,,,
,,,,,,,,,,,,,,,,,,,,,,,
Office,State,CensusPop,raceYear,Area,AreaNumber,RedistrictedDate,RepVotes,RepCandidate,RepStatus,DemVotes,DemCandidate,DemStatus,ThirdParty,ThirdVotes,ThirdCandidate,ThirdStatus,OtherVotes,PluralityVotes,PluralityParty,ThirdVotesTotalPercent,RepVotesMajorPercent,DemVotesMajorPercent,RaceNotes
House,Arkansas,N/A,2018,District 1,1,20120101,"138,757","Crawford, Rick",Incumbent,"57,907","Desai, Chintan",Challenger,Libertarian,"4,581","Presley, Elvis",Challenger,N/A,"80,850",R,2.28,70.56,29.44,
House,Arkansas,N/A,2016,District 1,1,20120101,"183,866","Crawford, Rick",Incumbent,N/A,N/A,N/A,Libertarian,"57,181","West, Mark",Challenger,N/A,"126,685",R,23.72,100,0,
House,Arkansas,N/A,2014,District 1,1,20120101,"124,139","Crawford, Rick",Incumbent,"63,555","McPherson, Jackie",Challenger,Libertarian,"8,562","Willhite, Brian Scott",Challenger,N/A,"60,584",R,4.36,66.14,33.86,
House,Arkansas,N/A,2012,District 1,1,20120101,"138,800","Crawford, Rick",Incumbent,"96,601","Ellington, Scott",Challenger,Libertarian,"6,427","Paxton, Jessica",Challenger,"5,015","42,199",R,2.6,58.96,41.04,"The other vote was: Holloway, Jacob (Green) 5,015"
House,Arkansas,N/A,2018,District 2,2,20120101,"132,125","Hill, French",Incumbent,"116,135","Tucker, Clarke",Challenger,Libertarian,"5,193","Swafford, Joe Ryne",Challenger,N/A,"15,990",R,2.05,53.22,46.78,
House,Arkansas,N/A,2016,District 2,2,20120101,"176,472","Hill, French",Incumbent,"111,347","Curry, Dianne",Challenger,Libertarian,"14,342","Hayes, Chris",Challenger,303,"65,125",R,4.74,61.31,38.69,The other vote was: Write-In (Write-in) 303
House,Arkansas,N/A,2014,District 2,2,20120101,"123,073","Hill, French",Challenger,"103,477","Hays, Patrick",Challenger,Libertarian,"10,780","Standiford, Debbie",Challenger,N/A,"19,596",R,4.54,54.32,45.68,
House,Arkansas,N/A,2012,District 2,2,20120101,"158,175","Griffin, Tim",Incumbent,"113,156","Rule, Herb",Challenger,Green,"8,566","Ward, Barbara",Challenger,"6,701","45,019",R,2.99,58.3,41.7,"The other vote was: Hayes, Chris (Libertarian) 6,701"
House,Arkansas,N/A,2018,District 3,3,20120101,"148,717","Womack, Steve",Incumbent,"74,952","Mahony, Joshua",Challenger,Libertarian,"5,899","Kalagias, Michael J.",Challenger,140,"73,765",R,2.57,66.49,33.51,The other vote was: Write-In (Write-in) 140
House,Arkansas,N/A,2016,District 3,3,20120101,"217,192","Womack, Steve",Incumbent,N/A,N/A,N/A,Libertarian,"63,715","Isaacson, Steve",Challenger,N/A,"153,477",R,22.68,100,0,
House,Arkansas,N/A,2014,District 3,3,20120101,"151,630","Womack, Steve",Incumbent,N/A,N/A,N/A,Libertarian,"39,305","Brand, Grant",Challenger,N/A,"112,325",R,20.59,100,0,
House,Arkansas,N/A,2012,District 3,3,20120101,"186,467","Womack, Steve",Incumbent,N/A,N/A,N/A,Green,"39,318","Kennedy, Rebekah",Challenger,"19,875","147,149",R,16.01,100,0,"The other vote was: Pangrac, David (Libertarian) 19,875"
House,Arkansas,N/A,2018,District 4,4,20120101,"136,740","Westerman, Bruce",Incumbent,"63,984","Shamel, Hayden",Challenger,Libertarian,"3,952","Canada, Tom",Challenger,216,"72,756",R,1.93,68.12,31.88,The other vote was: Write-In (Write-in) 216
House,Arkansas,N/A,2016,District 4,4,20120101,"182,885","Westerman, Bruce",Incumbent,N/A,N/A,N/A,Libertarian,"61,274","Hicks, Kerry",Challenger,N/A,"121,611",R,25.1,100,0,
House,Arkansas,N/A,2014,District 4,4,20120101,"110,789","Westerman, Bruce",Challenger,"87,742","Witt, James Lee",Challenger,Libertarian,"7,598","Hamilton, Ken",Challenger,2,"23,047",R,3.69,55.8,44.2,The other vote was: Write-In (Write-in) 2
House,Arkansas,N/A,2012,District 4,4,20120101,"154,149","Cotton, Tom",Challenger,"95,013","Jeffress, Gene",Challenger,Libertarian,"4,984","Tullis, Bobby",Challenger,"4,807","59,136",R,1.92,61.87,38.13,"The other vote was: Drake, Josh (Green) 4,807"
,,,,,,,,,,,,,,,,,,,,,,,
,,,,,,,,,,,,,,,,,,,,,,,
,,,,,,,,,,,,,,,,,,,,,,,
CONGRESS 2012 to 2020 in CALIFORNIA,,,,,,,,,,,,,,,,,,,,,,,
,,,,,,,,,,,,,,,,,,,,,,,
Office,State,CensusPop,raceYear,Area,AreaNumber,RedistrictedDate,RepVotes,RepCandidate,RepStatus,DemVotes,DemCandidate,DemStatus,ThirdParty,ThirdVotes,ThirdCandidate,ThirdStatus,OtherVotes,PluralityVotes,PluralityParty,ThirdVotesTotalPercent,RepVotesMajorPercent,DemVotesMajorPercent,RaceNotes
House,California,N/A,2018,District 1,1,20120101,"160,046","LaMalfa, Doug",Incumbent,"131,548","Denney, Audrey",Challenger,N/A,N/A,N/A,N/A,N/A,"28,498",R,0,54.89,45.11,
House,California,N/A,2016,District 1,1,20120101,"185,448","LaMalfa, Doug",Incumbent,"128,588","Reed, Jim",Challenger,N/A,N/A,N/A,N/A,N/A,"56,860",R,0,59.05,40.95,
House,California,N/A,2014,District 1,1,20120101,"132,052","LaMalfa, Doug",Incumbent,"84,320","Hall, Heidi",Challenger,N/A,N/A,N/A,N/A,N/A,"47,732",R,0,61.03,38.97,
House,California,N/A,2012,District 1,1,20120101,"168,827","LaMalfa, Doug",Challenger,"125,386","Reed, Jim",Challenger,N/A,N/A,N/A,N/A,N/A,"43,441",R,0,57.38,42.62,"In the 2012 election, California instituted a ""top two"" primary, which sent the two highest vote-getters, regardless of party, on to the general election. In eight congressional districts, members of the same party were paired against each other in the November general election."
House,California,N/A,2018,District 2,2,20120101,"72,576","Mensing, Dale K.",Challenger,"243,081","Huffman, Jared",Incumbent,N/A,N/A,N/A,N/A,N/A,"170,505",D,0,22.99,77.01,
House,California,N/A,2016,District 2,2,20120101,"76,572","Mensing, Dale K.",Challenger,"254,194","Huffman, Jared",Incumbent,N/A,N/A,N/A,N/A,N/A,"177,622",D,0,23.15,76.85,
House,California,N/A,2014,District 2,2,20120101,"54,400","Mensing, Dale",Challenger,"163,124","Huffman, Jared",Incumbent,N/A,N/A,N/A,N/A,N/A,"108,724",D,0,25.01,74.99,
House,California,N/A,2012,District 2,2,20120101,"91,310","Roberts, Daniel W.",Challenger,"226,216","Huffman, Jared",Challenger,N/A,N/A,N/A,N/A,N/A,"134,906",D,0,28.76,71.24,
House,California,N/A,2018,District 3,3,20120101,"97,376","Schaupp, Charles",Challenger,"134,875","Garamendi, John",Incumbent,N/A,N/A,N/A,N/A,N/A,"37,499",D,0,41.93,58.07,
House,California,N/A,2016,District 3,3,20120101,"104,453","Cleek, N. Eugene",Challenger,"152,513","Garamendi, John",Incumbent,N/A,N/A,N/A,N/A,N/A,"48,060",D,0,40.65,59.35,
House,California,N/A,2014,District 3,3,20120101,"71,036","Logue, Dan",Challenger,"79,224","Garamendi, John",Incumbent,N/A,N/A,N/A,N/A,N/A,"8,188",D,0,47.28,52.72,
House,California,N/A,2012,District 3,3,20120101,"107,086","Vann, Kim",Challenger,"126,882","Garamendi, John",Incumbent,N/A,N/A,N/A,N/A,N/A,"19,796",D,0,45.77,54.23,
House,California,N/A,2018,District 4,4,20120101,"184,401","McClintock, Tom",Incumbent,"156,253","Morse, Jessica",Challenger,N/A,N/A,N/A,N/A,N/A,"28,148",R,0,54.13,45.87,
House,California,N/A,2016,District 4,4,20120101,"220,133","McClintock, Tom",Incumbent,"130,845","Derlet, Robert W.",Challenger,N/A,N/A,N/A,N/A,N/A,"89,288",R,0,62.72,37.28,
House,California,N/A,2014,District 4,4,20120101,"126,784","McClintock, Tom",Incumbent,N/A,N/A,N/A,Republican-Open Primary,"84,350","Moore, Arthur",Challenger,N/A,"42,434",R,39.95,100,0,
House,California,N/A,2012,District 4,4,20120101,"197,803","McClintock, Tom",Incumbent,"125,885","Uppal, Jack",Challenger,N/A,N/A,N/A,N/A,N/A,"71,918",R,0,61.11,38.89,
House,California,N/A,2018,District 5,5,20120101,N/A,N/A,N/A,"205,860","Thompson, Mike",Incumbent,No Party Affiliation,"55,158","Mills, Anthony",Challenger,N/A,"150,702",D,21.13,0,100,
House,California,N/A,2016,District 5,5,20120101,"67,565","Santamaria, Carlos",Challenger,"224,526","Thompson, Mike",Incumbent,N/A,N/A,N/A,N/A,N/A,"156,961",D,0,23.13,76.87,
House,California,N/A,2014,District 5,5,20120101,N/A,N/A,N/A,"129,613","Thompson, Mike",Incumbent,Independent,"41,535","Hinton, James",Challenger,N/A,"88,078",D,24.27,0,100,
House,California,N/A,2012,District 5,5,20120101,"69,545","Loftin, Randy",Challenger,"202,872","Thompson, Mike",Incumbent,N/A,N/A,N/A,N/A,N/A,"133,327",D,0,25.53,74.47,
House,California,N/A,2018,District 6,6,20120101,N/A,N/A,N/A,"162,411","Matsui, Doris",Incumbent,Democrat-Open Primary,"39,528","Jefferson, Jrmar",Challenger,N/A,"122,883",D,19.57,0,100,
House,California,N/A,2016,District 6,6,20120101,"57,848","Evans, Robert H. Jr.",Challenger,"177,565","Matsui, Doris",Incumbent,N/A,N/A,N/A,N/A,N/A,"119,717",D,0,24.57,75.43,
House,California,N/A,2014,District 6,6,20120101,"36,448","McCray, Joseph Sr.",Challenger,"97,008","Matsui, Doris",Incumbent,N/A,N/A,N/A,N/A,N/A,"60,560",D,0,27.31,72.69,
House,California,N/A,2012,District 6,6,20120101,"53,406","McCray, Joseph Sr.",Challenger,"160,667","Matsui, Doris",Incumbent,N/A,N/A,N/A,N/A,N/A,"107,261",D,0,24.95,75.05,
House,California,N/A,2018,District 7,7,20120101,"126,601","Grant, Andrew",Challenger,"155,016","Bera, Ami",Incumbent,N/A,N/A,N/A,N/A,N/A,"28,415",D,0,44.96,55.04,
House,California,N/A,2016,District 7,7,20120101,"145,168","Jones, Scott R.",Challenger,"152,133","Bera, Ami",Incumbent,N/A,N/A,N/A,N/A,N/A,"6,965",D,0,48.83,51.17,
House,California,N/A,2014,District 7,7,20120101,"91,066","Ose, Doug",Challenger,"92,521","Bera, Ami",Incumbent,N/A,N/A,N/A,N/A,N/A,"1,455",D,0,49.6,50.4,
House,California,N/A,2012,District 7,7,20120101,"132,050","Lungren, Dan",Incumbent,"141,241","Bera, Ami",Challenger,N/A,N/A,N/A,N/A,N/A,"9,191",D,0,48.32,51.68,
House,California,N/A,2018,District 8,8,20120101,"102,415","Cook, Paul",Incumbent,N/A,N/A,N/A,Republican-Open Primary,"68,370","Donnelly, Tim",Challenger,N/A,"34,045",R,40.03,100,0,
House,California,N/A,2016,District 8,8,20120101,"136,972","Cook, Paul",Incumbent,"83,035","Ramirez, Rita",Challenger,N/A,N/A,N/A,N/A,N/A,"53,937",R,0,62.26,37.74,
House,California,N/A,2014,District 8,8,20120101,"77,480","Cook, Paul",Incumbent,"37,056","Conaway, Robert Dean",Challenger,N/A,N/A,N/A,N/A,N/A,"40,424",R,0,67.65,32.35,
House,California,N/A,2012,District 8,8,20120101,"103,093","Cook, Paul",Challenger,N/A,N/A,N/A,Republican-Open Primary,"76,551","Imus, Gregg",Challenger,N/A,"26,542",R,42.61,100,0,
House,California,N/A,2018,District 9,9,20120101,"87,349","Livengood, Marla",Challenger,"113,414","McNerney, Jerry",Incumbent,N/A,N/A,N/A,N/A,N/A,"26,065",D,0,43.51,56.49,
House,California,N/A,2016,District 9,9,20120101,"98,992","Amador, Antonio C.",Challenger,"133,163","McNerney, Jerry",Incumbent,N/A,N/A,N/A,N/A,N/A,"34,171",D,0,42.64,57.36,
House,California,N/A,2014,District 9,9,20120101,"57,729","Amador, Antonio C.",Challenger,"63,475","McNerney, Jerry",Incumbent,N/A,N/A,N/A,N/A,N/A,"5,746",D,0,47.63,52.37,
House,California,N/A,2012,District 9,9,20120101,"94,704","Gill, Ricky",Challenger,"118,373","McNerney, Jerry",Incumbent,N/A,N/A,N/A,N/A,N/A,"23,669",D,0,44.45,55.55,
House,California,N/A,2018,District 10,10,20120101,"105,955","Denham, Jeff",Incumbent,"115,945","Harder, Josh",Challenger,N/A,N/A,N/A,N/A,N/A,"9,990",D,0,47.75,52.25,
House,California,N/A,2016,District 10,10,20120101,"124,671","Denham, Jeff",Incumbent,"116,470","Eggman, Michael",Challenger,N/A,N/A,N/A,N/A,N/A,"8,201",R,0,51.7,48.3,
House,California,N/A,2014,District 10,10,20120101,"70,582","Denham, Jeff",Incumbent,"55,123","Eggman, Michael",Challenger,N/A,N/A,N/A,N/A,N/A,"15,459",R,0,56.15,43.85,
House,California,N/A,2012,District 10,10,20120101,"110,265","Denham, Jeff",Incumbent,"98,934","Hernandez, Jose",Challenger,N/A,N/A,N/A,N/A,N/A,"11,331",R,0,52.71,47.29,
House,California,N/A,2018,District 11,11,20120101,"71,312","Fitzgerald, John",Challenger,"204,369","DeSaulnier, Mark",Incumbent,N/A,N/A,N/A,N/A,N/A,"133,057",D,0,25.87,74.13,
House,California,N/A,2016,District 11,11,20120101,"83,341","Petersen, Roger Allen",Challenger,"214,868","DeSaulnier, Mark",Incumbent,N/A,N/A,N/A,N/A,N/A,"131,527",D,0,27.95,72.05,
House,California,N/A,2014,District 11,11,20120101,"57,160","Phan-Quang, Tue",Challenger,"117,502","DeSaulnier, Mark",Challenger,N/A,N/A,N/A,N/A,N/A,"60,342",D,0,32.73,67.27,
House,California,N/A,2012,District 11,11,20120101,"87,136","Fuller, Virginia",Challenger,"200,743","Miller, George",Incumbent,N/A,N/A,N/A,N/A,N/A,"113,607",D,0,30.27,69.73,
House,California,N/A,2018,District 12,12,20120101,"41,780","Remmer, Lisa",Challenger,"275,292","Pelosi, Nancy",Incumbent,N/A,N/A,N/A,N/A,N/A,"233,512",D,0,13.18,86.82,
House,California,N/A,2016,District 12,12,20120101,N/A,N/A,N/A,"274,035","Pelosi, Nancy",Incumbent,No Party Affiliation,"64,810","Picus, Preston",Challenger,N/A,"209,225",D,19.13,0,100,
House,California,N/A,2014,District 12,12,20120101,"32,197","Dennis, John",Challenger,"160,067","Pelosi, Nancy",Incumbent,N/A,N/A,N/A,N/A,N/A,"127,870",D,0,16.75,83.25,
House,California,N/A,2012,District 12,12,20120101,"44,478","Dennis, John",Challenger,"253,709","Pelosi, Nancy",Incumbent,N/A,N/A,N/A,N/A,N/A,"209,231",D,0,14.92,85.08,
House,California,N/A,2018,District 13,13,20120101,N/A,N/A,N/A,"260,580","Lee, Barbara",Incumbent,Green,"34,257","Wells, Laura",Challenger,N/A,"226,323",D,11.62,0,100,
House,California,N/A,2016,District 13,13,20120101,"29,754","Caro, Sue",Challenger,"293,117","Lee, Barbara",Incumbent,N/A,N/A,N/A,N/A,N/A,"263,363",D,0,9.22,90.78,
House,California,N/A,2014,District 13,13,20120101,"21,940","Sundeen, Dakin",Challenger,"168,491","Lee, Barbara",Incumbent,N/A,N/A,N/A,N/A,N/A,"146,551",D,0,11.52,88.48,
House,California,N/A,2012,District 13,13,20120101,N/A,N/A,N/A,"250,436","Lee, Barbara",Incumbent,No Party Affiliation,"38,146","Singleton, Marilyn",Challenger,N/A,"212,290",D,13.22,0,100,
House,California,N/A,2018,District 14,14,20120101,"55,439","Osmena, Cristina",Challenger,"211,384","Speier, Jackie",Incumbent,N/A,N/A,N/A,N/A,N/A,"155,945",D,0,20.78,79.22,
House,California,N/A,2016,District 14,14,20120101,"54,817","Cardenas, Angel",Challenger,"231,630","Speier, Jackie",Incumbent,N/A,N/A,N/A,N/A,N/A,"176,813",D,0,19.14,80.86,
House,California,N/A,2014,District 14,14,20120101,"34,757","Chew, Robin",Challenger,"114,389","Speier, Jackie",Incumbent,N/A,N/A,N/A,N/A,N/A,"79,632",D,0,23.3,76.7,
House,California,N/A,2012,District 14,14,20120101,"54,455","Bacigalupi, Deborah",Challenger,"203,828","Speier, Jackie",Incumbent,N/A,N/A,N/A,N/A,N/A,"149,373",D,0,21.08,78.92,
House,California,N/A,2018,District 15,15,20120101,"65,940","Peters, Rudy Jr.",Challenger,"177,989","Swalwell, Eric",Incumbent,N/A,N/A,N/A,N/A,N/A,"112,049",D,0,27.03,72.97,
House,California,N/A,2016,District 15,15,20120101,"70,619","Turner, Danny R.",Challenger,"198,578","Swalwell, Eric",Incumbent,N/A,N/A,N/A,N/A,N/A,"127,959",D,0,26.23,73.77,
House,California,N/A,2014,District 15,15,20120101,"43,150","Bussell, Hugh",Challenger,"99,756","Swalwell, Eric",Incumbent,N/A,N/A,N/A,N/A,N/A,"56,606",D,0,30.19,69.81,
House,California,N/A,2012,District 15,15,20120101,N/A,N/A,N/A,"120,388","Swalwell, Eric",Challenger,Democrat-Open Primary,"110,646","Stark, Fortney Pete",Incumbent,N/A,"9,742",D,47.89,0,100,
House,California,N/A,2018,District 16,16,20120101,"60,693","Heng, Elizabeth",Challenger,"82,266","Costa, Jim",Incumbent,N/A,N/A,N/A,N/A,N/A,"21,573",D,0,42.45,57.55,
House,California,N/A,2016,District 16,16,20120101,"70,483","Tacherra, Johnny M.",Challenger,"97,473","Costa, Jim",Incumbent,N/A,N/A,N/A,N/A,N/A,"26,990",D,0,41.97,58.03,
House,California,N/A,2014,District 16,16,20120101,"44,943","Tacherra, Johnny M.",Challenger,"46,277","Costa, Jim",Incumbent,N/A,N/A,N/A,N/A,N/A,"1,334",D,0,49.27,50.73,
House,California,N/A,2012,District 16,16,20120101,"62,801","Whelan, Brian Daniel",Challenger,"84,649","Costa, Jim",Incumbent,N/A,N/A,N/A,N/A,N/A,"21,848",D,0,42.59,57.41,
House,California,N/A,2018,District 17,17,20120101,"52,057","Cohen, Ronald",Challenger,"159,105","Khanna, Ro",Incumbent,N/A,N/A,N/A,N/A,N/A,"107,048",D,0,24.65,75.35,
House,California,N/A,2016,District 17,17,20120101,N/A,N/A,N/A,"90,924","Honda, Mike M.",Incumbent,Democrat-Open Primary,"142,268","Khanna, Ro",Challenger,N/A,"51,344",DOP,61.01,0,100,
House,California,N/A,2014,District 17,17,20120101,N/A,N/A,N/A,"69,561","Honda, Mike M.",Incumbent,Democrat-Open Primary,"64,847","Khanna, Ro",Challenger,N/A,"4,714",D,48.25,0,100,
House,California,N/A,2012,District 17,17,20120101,"57,336","Li, Evelyn",Challenger,"159,392","Honda, Mike M.",Incumbent,N/A,N/A,N/A,N/A,N/A,"102,056",D,0,26.46,73.54,
House,California,N/A,2018,District 18,18,20120101,"77,096","Russell, Christine",Challenger,"225,142","Eshoo, Anna G.",Incumbent,N/A,N/A,N/A,N/A,N/A,"148,046",D,0,25.51,74.49,
House,California,N/A,2016,District 18,18,20120101,"93,470","Fox, Richard B.",Challenger,"230,460","Eshoo, Anna G.",Incumbent,N/A,N/A,N/A,N/A,N/A,"136,990",D,0,28.85,71.15,
House,California,N/A,2014,District 18,18,20120101,"63,326","Fox, Richard B.",Challenger,"133,060","Eshoo, Anna G.",Incumbent,N/A,N/A,N/A,N/A,N/A,"69,734",D,0,32.25,67.75,
House,California,N/A,2012,District 18,18,20120101,"89,103","Chapman, Dave",Challenger,"212,831","Eshoo, Anna G.",Incumbent,N/A,N/A,N/A,N/A,N/A,"123,728",D,0,29.51,70.49,
House,California,N/A,2018,District 19,19,20120101,"57,823","Aguilera, Justin James",Challenger,"162,496","Lofgren, Zoe",Incumbent,N/A,N/A,N/A,N/A,N/A,"104,673",D,0,26.25,73.75,
House,California,N/A,2016,District 19,19,20120101,"64,061","Lancaster, G. Burt",Challenger,"181,802","Lofgren, Zoe",Incumbent,N/A,N/A,N/A,N/A,N/A,"117,741",D,0,26.06,73.94,
House,California,N/A,2014,District 19,19,20120101,N/A,N/A,N/A,"85,888","Lofgren, Zoe",Incumbent,Democrat-Open Primary,"41,900","Murray, Robert",Challenger,N/A,"43,988",D,32.79,0,100,
House,California,N/A,2012,District 19,19,20120101,"59,313","Murray, Robert",Challenger,"162,300","Lofgren, Zoe",Incumbent,N/A,N/A,N/A,N/A,N/A,"102,987",D,0,26.76,73.24,
House,California,N/A,2018,District 20,20,20120101,N/A,N/A,N/A,"183,677","Panetta, Jimmy",Incumbent,No Party Affiliation,"42,044","Kabat, Ronald Paul",Challenger,N/A,"141,633",D,18.63,0,100,
House,California,N/A,2016,District 20,20,20120101,"74,811","Lucius, Casey",Challenger,"180,980","Panetta, Jimmy",Challenger,N/A,N/A,N/A,N/A,N/A,"106,169",D,0,29.25,70.75,
House,California,N/A,2014,District 20,20,20120101,N/A,N/A,N/A,"106,034","Farr, Sam",Incumbent,Independent,"35,010","Kabat, Ronald Paul",Challenger,N/A,"71,024",D,24.82,0,100,
House,California,N/A,2012,District 20,20,20120101,"60,566","Taylor, Jeff",Challenger,"172,996","Farr, Sam",Incumbent,N/A,N/A,N/A,N/A,N/A,"112,430",D,0,25.93,74.07,
House,California,N/A,2018,District 21,21,20120101,"56,377","Valadao, David",Incumbent,"57,239","Cox, T.J.",Challenger,N/A,N/A,N/A,N/A,N/A,862,D,0,49.62,50.38,
House,California,N/A,2016,District 21,21,20120101,"75,126","Valadao, David",Incumbent,"57,282","Huerta, Emilio Jesus",Challenger,N/A,N/A,N/A,N/A,N/A,"17,844",R,0,56.74,43.26,
House,California,N/A,2014,District 21,21,20120101,"45,907","Valadao, David",Incumbent,"33,470","Renteria, Amanda",Challenger,N/A,N/A,N/A,N/A,N/A,"12,437",R,0,57.83,42.17,
House,California,N/A,2012,District 21,21,20120101,"67,164","Valadao, David",Challenger,"49,119","Hernandez, John",Challenger,N/A,N/A,N/A,N/A,N/A,"18,045",R,0,57.76,42.24,
House,California,N/A,2018,District 22,22,20120101,"117,243","Nunes, Devin",Incumbent,"105,136","Janz, Andrew",Challenger,N/A,N/A,N/A,N/A,N/A,"12,107",R,0,52.72,47.28,
House,California,N/A,2016,District 22,22,20120101,"158,755","Nunes, Devin",Incumbent,"76,211","Campos, Louie J.",Challenger,N/A,N/A,N/A,N/A,N/A,"82,544",R,0,67.57,32.43,
House,California,N/A,2014,District 22,22,20120101,"96,053","Nunes, Devin",Incumbent,"37,289","Aguilera-Marrero, Suzanna",Challenger,N/A,N/A,N/A,N/A,N/A,"58,764",R,0,72.04,27.96,
House,California,N/A,2012,District 22,22,20120101,"132,386","Nunes, Devin",Incumbent,"81,555","Lee, Otto",Challenger,N/A,N/A,N/A,N/A,N/A,"50,831",R,0,61.88,38.12,
House,California,N/A,2018,District 23,23,20120101,"131,113","McCarthy, Kevin",Incumbent,"74,661","Matta, Tatiana",Challenger,N/A,N/A,N/A,N/A,N/A,"56,452",R,0,63.72,36.28,
House,California,N/A,2016,District 23,23,20120101,"167,116","McCarthy, Kevin",Incumbent,"74,468","Reed, Wendy",Challenger,N/A,N/A,N/A,N/A,N/A,"92,648",R,0,69.18,30.82,
House,California,N/A,2014,District 23,23,20120101,"100,317","McCarthy, Kevin",Incumbent,"33,726","Garcia, Raul",Challenger,N/A,N/A,N/A,N/A,N/A,"66,591",R,0,74.84,25.16,
House,California,N/A,2012,District 23,23,20120101,"158,161","McCarthy, Kevin",Incumbent,N/A,N/A,N/A,No Party Affiliation,"57,842","Phillips, Terry",Challenger,N/A,"100,319",R,26.78,100,0,
House,California,N/A,2018,District 24,24,20120101,"117,881","Fareed, Justin",Challenger,"166,550","Carbajal, Salud",Incumbent,N/A,N/A,N/A,N/A,N/A,"48,669",D,0,41.44,58.56,
House,California,N/A,2016,District 24,24,20120101,"144,780","Fareed, Justin",Challenger,"166,034","Carbajal, Salud",Challenger,N/A,N/A,N/A,N/A,N/A,"21,254",D,0,46.58,53.42,
House,California,N/A,2014,District 24,24,20120101,"95,566","Mitchum, Chris",Challenger,"103,228","Capps, Lois",Incumbent,N/A,N/A,N/A,N/A,N/A,"7,662",D,0,48.07,51.93,
House,California,N/A,2012,District 24,24,20120101,"127,746","Maldonado, Abel",Challenger,"156,749","Capps, Lois",Incumbent,N/A,N/A,N/A,N/A,N/A,"29,003",D,0,44.9,55.1,
House,California,N/A,2018,District 25,25,20120101,"111,813","Knight, Steve",Incumbent,"133,209","Hill, Katie",Challenger,N/A,N/A,N/A,N/A,N/A,"21,396",D,0,45.63,54.37,
House,California,N/A,2016,District 25,25,20120101,"138,755","Knight, Steve",Incumbent,"122,406","Caforio, Bryan",Challenger,N/A,N/A,N/A,N/A,N/A,"16,349",R,0,53.13,46.87,
House,California,N/A,2014,District 25,25,20120101,"60,847","Knight, Steve",Challenger,N/A,N/A,N/A,Republican,"53,225","Strickland, Tony",Challenger,N/A,"7,622",R,46.66,100,0,
House,California,N/A,2012,District 25,25,20120101,"129,593","McKeon, Howard P.",Incumbent,"106,982","Rogers, Lee C.",Challenger,N/A,N/A,N/A,N/A,N/A,"22,611",R,0,54.78,45.22,
House,California,N/A,2018,District 26,26,20120101,"97,210","Sabato, Antonio Jr.",Challenger,"158,216","Brownley, Julia",Incumbent,N/A,N/A,N/A,N/A,N/A,"61,006",D,0,38.06,61.94,
House,California,N/A,2016,District 26,26,20120101,"111,059","Dagnesses, Rafael",Challenger,"169,248","Brownley, Julia",Incumbent,N/A,N/A,N/A,N/A,N/A,"58,189",D,0,39.62,60.38,
House,California,N/A,2014,District 26,26,20120101,"82,653","Gorell, Jeff",Challenger,"87,176","Brownley, Julia",Incumbent,N/A,N/A,N/A,N/A,N/A,"4,523",D,0,48.67,51.33,
House,California,N/A,2012,District 26,26,20120101,"124,863","Strickland, Tony",Challenger,"139,072","Brownley, Julia",Challenger,N/A,N/A,N/A,N/A,N/A,"14,209",D,0,47.31,52.69,
House,California,N/A,2018,District 27,27,20120101,N/A,N/A,N/A,"160,504","Chu, Judy",Incumbent,Democrat-Open Primary,"42,132","Witt, Bryan",Challenger,N/A,"118,372",D,20.79,0,100,
House,California,N/A,2016,District 27,27,20120101,"81,655","Orswell, Jack",Challenger,"168,977","Chu, Judy",Incumbent,N/A,N/A,N/A,N/A,N/A,"87,322",D,0,32.58,67.42,
House,California,N/A,2014,District 27,27,20120101,"51,852","Orswell, Jack",Challenger,"75,728","Chu, Judy",Incumbent,N/A,N/A,N/A,N/A,N/A,"23,876",D,0,40.64,59.36,
House,California,N/A,2012,District 27,27,20120101,"86,817","Orswell, Jack",Challenger,"154,191","Chu, Judy",Incumbent,N/A,N/A,N/A,N/A,N/A,"67,374",D,0,36.02,63.98,
House,California,N/A,2018,District 28,28,20120101,"54,272","Nalbandian, Johnny",Challenger,"196,662","Schiff, Adam B.",Incumbent,N/A,N/A,N/A,N/A,N/A,"142,390",D,0,21.63,78.37,
House,California,N/A,2016,District 28,28,20120101,"59,526","Solis, Lenore",Challenger,"210,883","Schiff, Adam B.",Incumbent,N/A,N/A,N/A,N/A,N/A,"151,357",D,0,22.01,77.99,
House,California,N/A,2014,District 28,28,20120101,N/A,N/A,N/A,"91,996","Schiff, Adam B.",Incumbent,Independent,"28,268","Stokes, Steve",Challenger,N/A,"63,728",D,23.5,0,100,
House,California,N/A,2012,District 28,28,20120101,"58,008","Jennerjahn, Phil",Challenger,"188,703","Schiff, Adam B.",Incumbent,N/A,N/A,N/A,N/A,N/A,"130,695",D,0,23.51,76.49,
House,California,N/A,2018,District 29,29,20120101,"29,995","Bernal, Benito Benny",Challenger,"124,697","Cardenas, Tony",Incumbent,N/A,N/A,N/A,N/A,N/A,"94,702",D,0,19.39,80.61,
House,California,N/A,2016,District 29,29,20120101,N/A,N/A,N/A,"128,407","Cardenas, Tony",Incumbent,Democrat,"43,417","Alarcon, Richard",Challenger,N/A,"84,990",D,25.27,0,100,
House,California,N/A,2014,District 29,29,20120101,"17,045","Leader, William O'Callghan",Challenger,"50,096","Cardenas, Tony",Incumbent,N/A,N/A,N/A,N/A,N/A,"33,051",D,0,25.39,74.61,
House,California,N/A,2012,District 29,29,20120101,N/A,N/A,N/A,"111,287","Cárdenas, Tony",Challenger,No Party Affiliation,"38,994","Hernandez, David R. Jr.",Challenger,N/A,"72,293",D,25.95,0,100,
House,California,N/A,2018,District 30,30,20120101,"69,420","Reed, Mark",Challenger,"191,573","Sherman, Brad",Incumbent,N/A,N/A,N/A,N/A,N/A,"122,153",D,0,26.6,73.4,
House,California,N/A,2016,District 30,30,20120101,"77,325","Reed, Mark",Challenger,"205,279","Sherman, Brad",Incumbent,N/A,N/A,N/A,N/A,N/A,"127,954",D,0,27.36,72.64,
House,California,N/A,2014,District 30,30,20120101,"45,315","Reed, Mark",Challenger,"86,568","Sherman, Brad",Incumbent,N/A,N/A,N/A,N/A,N/A,"41,253",D,0,34.36,65.64,
House,California,N/A,2012,District 30,30,20120101,N/A,N/A,N/A,"149,456","Sherman, Brad",Challenger,Democrat-Open Primary,"98,395","Berman, Howard L.",Incumbent,N/A,"51,061",D,39.7,0,100,
House,California,N/A,2018,District 31,31,20120101,"77,352","Flynn, Sean",Challenger,"110,143","Aguilar, Pete",Incumbent,N/A,N/A,N/A,N/A,N/A,"32,791",D,0,41.26,58.74,
House,California,N/A,2016,District 31,31,20120101,"94,866","Chabot, Paul",Challenger,"121,070","Aguilar, Pete",Incumbent,N/A,N/A,N/A,N/A,N/A,"26,204",D,0,43.93,56.07,
House,California,N/A,2014,District 31,31,20120101,"48,162","Chabot, Paul",Challenger,"51,622","Aguilar, Pete",Challenger,N/A,N/A,N/A,N/A,N/A,"3,460",D,0,48.27,51.73,
House,California,N/A,2012,District 31,31,20120101,"88,964","Miller, Gary G.",Incumbent,N/A,N/A,N/A,Republican-Open Primary,"72,255","Dutton, Robert",Challenger,N/A,"16,709",R,44.82,100,0,
House,California,N/A,2018,District 32,32,20120101,"55,272","Scott, Joshua M.",Challenger,"121,759","Napolitano, Grace Flores",Incumbent,N/A,N/A,N/A,N/A,N/A,"66,487",D,0,31.22,68.78,
House,California,N/A,2016,District 32,32,20120101,N/A,N/A,N/A,"114,926","Napolitano, Grace Flores",Incumbent,Democrat-Open Primary,"71,720","Hernandez, Roger",Challenger,N/A,"43,206",D,38.43,0,100,
House,California,N/A,2014,District 32,32,20120101,"34,053","Alas, Arturo",Challenger,"50,353","Napolitano, Grace Flores",Incumbent,N/A,N/A,N/A,N/A,N/A,"16,300",D,0,40.34,59.66,
House,California,N/A,2012,District 32,32,20120101,"65,208","Miller, David L",Challenger,"124,903","Napolitano, Grace Flores",Incumbent,N/A,N/A,N/A,N/A,N/A,"59,695",D,0,34.3,65.7,
House,California,N/A,2018,District 33,33,20120101,"93,769","Wright, Kenneth W.",Challenger,"219,091","Lieu, Ted W.",Incumbent,N/A,N/A,N/A,N/A,N/A,"125,322",D,0,29.97,70.03,
House,California,N/A,2016,District 33,33,20120101,"110,822","Wright, Kenneth W.",Challenger,"219,397","Lieu, Ted W.",Incumbent,N/A,N/A,N/A,N/A,N/A,"108,575",D,0,33.56,66.44,
House,California,N/A,2014,District 33,33,20120101,"74,700","Carr, Elan S.",Challenger,"108,331","Lieu, Ted W.",Challenger,N/A,N/A,N/A,N/A,N/A,"33,631",D,0,40.81,59.19,
House,California,N/A,2012,District 33,33,20120101,N/A,N/A,N/A,"171,860","Waxman, Henry A.",Incumbent,No Party Affiliation,"146,660","Bloomfield, Bill",Challenger,N/A,"25,200",D,46.04,0,100,
House,California,N/A,2018,District 34,34,20120101,N/A,N/A,N/A,"110,195","Gomez, Jimmy",Incumbent,Green,"41,711","Mejia, Kenneth",Challenger,N/A,"68,484",D,27.46,0,100,
House,California,N/A,2016,District 34,34,20120101,N/A,N/A,N/A,"122,842","Becerra, Xavier",Incumbent,Democrat-Open Primary,"36,314","Edwards, Adrienne Nicole",Challenger,N/A,"86,528",D,22.82,0,100,
House,California,N/A,2014,District 34,34,20120101,N/A,N/A,N/A,"44,697","Becerra, Xavier",Incumbent,Democrat-Open Primary,"16,924","Edwards, Adrienne Nicole",Challenger,N/A,"27,773",D,27.46,0,100,
House,California,N/A,2012,District 34,34,20120101,"20,223","Smith, Stephen",Challenger,"120,367","Becerra, Xavier",Incumbent,N/A,N/A,N/A,N/A,N/A,"100,144",D,0,14.38,85.62,
House,California,N/A,2018,District 35,35,20120101,"45,604","Valiente, Christian Leonel",Challenger,"103,420","Torres, Norma",Incumbent,N/A,N/A,N/A,N/A,N/A,"57,816",D,0,30.6,69.4,
House,California,N/A,2016,District 35,35,20120101,"47,309","Fischella, Tyler",Challenger,"124,044","Torres, Norma",Incumbent,N/A,N/A,N/A,N/A,N/A,"76,735",D,0,27.61,72.39,
House,California,N/A,2014,District 35,35,20120101,N/A,N/A,N/A,"39,502","Torres, Norma",Challenger,Democrat-Open Primary,"22,973","Gagnier, Christina",Challenger,N/A,"16,529",D,36.77,0,100,
House,California,N/A,2012,District 35,35,20120101,N/A,N/A,N/A,"79,698","McLeod, Gloria Negrete",Challenger,Democrat-Open Primary,"62,982","Baca, Joe",Incumbent,N/A,"16,716",D,44.14,0,100,
House,California,N/A,2018,District 36,36,20120101,"84,839","Pelzer, Kimberlin",Challenger,"122,169","Ruiz, Raul",Incumbent,N/A,N/A,N/A,N/A,N/A,"37,330",D,0,40.98,59.02,
House,California,N/A,2016,District 36,36,20120101,"88,269","Stone, Jeff",Challenger,"144,348","Ruiz, Raul",Incumbent,N/A,N/A,N/A,N/A,N/A,"56,079",D,0,37.95,62.05,
House,California,N/A,2014,District 36,36,20120101,"61,457","Nestande, Brian",Challenger,"72,682","Ruiz, Raul",Incumbent,N/A,N/A,N/A,N/A,N/A,"11,225",D,0,45.82,54.18,
House,California,N/A,2012,District 36,36,20120101,"97,953","Bono Mack, Mary",Incumbent,"110,189","Ruiz, Raul",Challenger,N/A,N/A,N/A,N/A,N/A,"12,236",D,0,47.06,52.94,
House,California,N/A,2018,District 37,37,20120101,"25,823","Bassilian, Ron",Challenger,"210,555","Bass, Karen",Incumbent,N/A,N/A,N/A,N/A,N/A,"184,732",D,0,10.92,89.08,
House,California,N/A,2016,District 37,37,20120101,N/A,N/A,N/A,"192,490","Bass, Karen",Incumbent,Democrat-Open Primary,"44,782","Wiggins, Chris Blake",Challenger,N/A,"147,708",D,18.87,0,100,
House,California,N/A,2014,District 37,37,20120101,"18,051","King, R. Adam",Challenger,"96,787","Bass, Karen",Incumbent,N/A,N/A,N/A,N/A,N/A,"78,736",D,0,15.72,84.28,
House,California,N/A,2012,District 37,37,20120101,"32,541","Osborne, Morgan",Challenger,"207,039","Bass, Karen",Incumbent,N/A,N/A,N/A,N/A,N/A,"174,498",D,0,13.58,86.42,
House,California,N/A,2018,District 38,38,20120101,"62,968","Downing, Ryan",Challenger,"139,188","Sanchez, Linda",Incumbent,N/A,N/A,N/A,N/A,N/A,"76,220",D,0,31.15,68.85,
House,California,N/A,2016,District 38,38,20120101,"68,524","Downing, Ryan",Challenger,"163,590","Sanchez, Linda",Incumbent,N/A,N/A,N/A,N/A,N/A,"95,066",D,0,29.52,70.48,
House,California,N/A,2014,District 38,38,20120101,"40,288","Campos, Benjamin",Challenger,"58,192","Sanchez, Linda",Incumbent,N/A,N/A,N/A,N/A,N/A,"17,904",D,0,40.91,59.09,
House,California,N/A,2012,District 38,38,20120101,"69,807","Campos, Benjamin",Challenger,"145,280","Sanchez, Linda",Incumbent,N/A,N/A,N/A,N/A,N/A,"75,473",D,0,32.46,67.54,
House,California,N/A,2018,District 39,39,20120101,"118,391","Kim, Young",Challenger,"126,002","Cisneros, Gil",Challenger,N/A,N/A,N/A,N/A,N/A,"7,611",D,0,48.44,51.56,
House,California,N/A,2016,District 39,39,20120101,"150,777","Royce, Ed",Incumbent,"112,679","Murdock, Brett",Challenger,N/A,N/A,N/A,N/A,N/A,"38,098",R,0,57.23,42.77,
House,California,N/A,2014,District 39,39,20120101,"91,319","Royce, Ed",Incumbent,"41,906","Anderson, Peter",Challenger,N/A,N/A,N/A,N/A,N/A,"49,413",R,0,68.54,31.46,
House,California,N/A,2012,District 39,39,20120101,"145,607","Royce, Ed",Incumbent,"106,360","Chen, Jay",Challenger,N/A,N/A,N/A,N/A,N/A,"39,247",R,0,57.79,42.21,
House,California,N/A,2018,District 40,40,20120101,N/A,N/A,N/A,"93,938","Roybal-Allard, Lucille",Incumbent,Green,"27,511","Cortes Barragan, Rodolfo",Challenger,N/A,"66,427",D,22.65,0,100,
House,California,N/A,2016,District 40,40,20120101,N/A,N/A,N/A,"106,554","Roybal-Allard, Lucille",Incumbent,No Party Affiliation,"42,743","Gonzalez, Roman Gabriel",Challenger,N/A,"63,811",D,28.63,0,100,
House,California,N/A,2014,District 40,40,20120101,N/A,N/A,N/A,"30,208","Roybal-Allard, Lucille",Incumbent,Democrat-Open Primary,"19,171","Sanchez, David",Challenger,N/A,"11,037",D,38.82,0,100,
House,California,N/A,2012,District 40,40,20120101,N/A,N/A,N/A,"73,940","Roybal-Allard, Lucille",Incumbent,Democrat-Open Primary,"51,613","Sanchez, David",Challenger,N/A,"22,327",D,41.11,0,100,
House,California,N/A,2018,District 41,41,20120101,"58,021","Smith, Aja",Challenger,"108,227","Takano, Mark A.",Incumbent,N/A,N/A,N/A,N/A,N/A,"50,206",D,0,34.9,65.1,
House,California,N/A,2016,District 41,41,20120101,"69,159","Shepherd, Doug",Challenger,"128,164","Takano, Mark A.",Incumbent,N/A,N/A,N/A,N/A,N/A,"59,005",D,0,35.05,64.95,
House,California,N/A,2014,District 41,41,20120101,"35,936","Adams, Steve",Challenger,"46,948","Takano, Mark A.",Incumbent,N/A,N/A,N/A,N/A,N/A,"11,012",D,0,43.36,56.64,
House,California,N/A,2012,District 41,41,20120101,"72,074","Tavaglione, John",Challenger,"103,578","Takano, Mark A.",Challenger,N/A,N/A,N/A,N/A,N/A,"31,504",D,0,41.03,58.97,
House,California,N/A,2018,District 42,42,20120101,"131,040","Calvert, Ken",Incumbent,"100,892","Peacock, Julia",Challenger,N/A,N/A,N/A,N/A,N/A,"30,148",R,0,56.5,43.5,
House,California,N/A,2016,District 42,42,20120101,"149,547","Calvert, Ken",Incumbent,"104,689","Sheridan, Tim",Challenger,N/A,N/A,N/A,N/A,N/A,"44,858",R,0,58.82,41.18,
House,California,N/A,2014,District 42,42,20120101,"74,540","Calvert, Ken",Incumbent,"38,850","Sheridan, Tim",Challenger,N/A,N/A,N/A,N/A,N/A,"35,690",R,0,65.74,34.26,
House,California,N/A,2012,District 42,42,20120101,"130,245","Calvert, Ken",Incumbent,"84,702","Williamson, Michael",Challenger,N/A,N/A,N/A,N/A,N/A,"45,543",R,0,60.59,39.41,
House,California,N/A,2018,District 43,43,20120101,"43,780","Navarro, Omar",Challenger,"152,272","Waters, Maxine",Incumbent,N/A,N/A,N/A,N/A,N/A,"108,492",D,0,22.33,77.67,
House,California,N/A,2016,District 43,43,20120101,"52,499","Navarro, Omar",Challenger,"167,017","Waters, Maxine",Incumbent,N/A,N/A,N/A,N/A,N/A,"114,518",D,0,23.92,76.08,
House,California,N/A,2014,District 43,43,20120101,"28,521","Wood Jr., John",Challenger,"69,681","Waters, Maxine",Incumbent,N/A,N/A,N/A,N/A,N/A,"41,160",D,0,29.04,70.96,
House,California,N/A,2012,District 43,43,20120101,N/A,N/A,N/A,"143,123","Waters, Maxine",Incumbent,Democrat-Open Primary,"57,771","Flores, Bob",Challenger,N/A,"85,352",D,28.76,0,100,
House,California,N/A,2018,District 44,44,20120101,N/A,N/A,N/A,"97,944","Barragan, Nanette Diaz",Incumbent,Democrat-Open Primary,"45,378","Brown, Aja",Challenger,N/A,"52,566",D,31.66,0,100,
House,California,N/A,2016,District 44,44,20120101,N/A,N/A,N/A,"93,124","Barragan, Nanette Diaz",Challenger,Democrat-Open Primary,"85,289","Hall, Isadore III",Challenger,N/A,"7,835",D,47.8,0,100,
House,California,N/A,2014,District 44,44,20120101,N/A,N/A,N/A,"59,670","Hahn, Janice",Incumbent,Peace and Freedom,"9,192","Shbeita, Adam",Challenger,N/A,"50,478",D,13.35,0,100,
House,California,N/A,2012,District 44,44,20120101,N/A,N/A,N/A,"99,909","Hahn, Janice",Challenger,Democrat-Open Primary,"65,989","Richardson, Laura",Incumbent,N/A,"33,920",D,39.78,0,100,
House,California,N/A,2018,District 45,45,20120101,"146,383","Walters, Mimi",Incumbent,"158,906","Porter, Katie",Challenger,N/A,N/A,N/A,N/A,N/A,"12,523",D,0,47.95,52.05,
House,California,N/A,2016,District 45,45,20120101,"182,618","Walters, Mimi",Incumbent,"129,231","Varasteh, Ron",Challenger,N/A,N/A,N/A,N/A,N/A,"53,387",R,0,58.56,41.44,
House,California,N/A,2014,District 45,45,20120101,"106,083","Walters, Mimi",Challenger,"56,819","Leavens, Drew",Challenger,N/A,N/A,N/A,N/A,N/A,"49,264",R,0,65.12,34.88,
House,California,N/A,2012,District 45,45,20120101,"171,417","Campbell, John",Incumbent,"121,814","Kang, Sukhee",Challenger,N/A,N/A,N/A,N/A,N/A,"49,603",R,0,58.46,41.54,
House,California,N/A,2018,District 46,46,20120101,"45,638","Lambert, Russell",Challenger,"102,278","Correa, Lou",Incumbent,N/A,N/A,N/A,N/A,N/A,"56,640",D,0,30.85,69.15,
House,California,N/A,2016,District 46,46,20120101,N/A,N/A,N/A,"115,248","Correa, Lou",Challenger,Democrat-Open Primary,"49,345","Nguyen, Bao",Challenger,N/A,"65,903",D,29.98,0,100,
House,California,N/A,2014,District 46,46,20120101,"33,577","Nick, Adam",Challenger,"49,738","Sanchez, Loretta",Incumbent,N/A,N/A,N/A,N/A,N/A,"16,161",D,0,40.3,59.7,
House,California,N/A,2012,District 46,46,20120101,"54,121","Hayden, Jerry",Challenger,"95,694","Sanchez, Loretta",Incumbent,N/A,N/A,N/A,N/A,N/A,"41,573",D,0,36.13,63.87,
House,California,N/A,2018,District 47,47,20120101,"77,682","Briscoe, John",Challenger,"143,354","Lowenthal, Alan",Incumbent,N/A,N/A,N/A,N/A,N/A,"65,672",D,0,35.14,64.86,
House,California,N/A,2016,District 47,47,20120101,"88,109","Whallon, Andy",Challenger,"154,759","Lowenthal, Alan",Incumbent,N/A,N/A,N/A,N/A,N/A,"66,650",D,0,36.28,63.72,
House,California,N/A,2014,District 47,47,20120101,"54,309","Whallon, Andy",Challenger,"69,091","Lowenthal, Alan",Incumbent,N/A,N/A,N/A,N/A,N/A,"14,782",D,0,44.01,55.99,
House,California,N/A,2012,District 47,47,20120101,"99,919","DeLong, Gary",Challenger,"130,093","Lowenthal, Alan",Challenger,N/A,N/A,N/A,N/A,N/A,"30,174",D,0,43.44,56.56,
House,California,N/A,2018,District 48,48,20120101,"136,899","Rohrabacher, Dana",Incumbent,"157,837","Rouda, Harley Jr.",Challenger,N/A,N/A,N/A,N/A,N/A,"20,938",D,0,46.45,53.55,
House,California,N/A,2016,District 48,48,20120101,"178,701","Rohrabacher, Dana",Incumbent,"127,715","Savary, Sue",Challenger,N/A,N/A,N/A,N/A,N/A,"50,986",R,0,58.32,41.68,
House,California,N/A,2014,District 48,48,20120101,"112,082","Rohrabacher, Dana",Incumbent,"62,713","Savary, Sue",Challenger,N/A,N/A,N/A,N/A,N/A,"49,369",R,0,64.12,35.88,
House,California,N/A,2012,District 48,48,20120101,"177,144","Rohrabacher, Dana",Incumbent,"113,358","Varasteh, Ron",Challenger,N/A,N/A,N/A,N/A,N/A,"63,786",R,0,60.98,39.02,
House,California,N/A,2018,District 49,49,20120101,"128,577","Harkey, Diane",Challenger,"166,453","Levin, Mike",Challenger,N/A,N/A,N/A,N/A,N/A,"37,876",D,0,43.58,56.42,
House,California,N/A,2016,District 49,49,20120101,"155,888","Issa, Darrell",Incumbent,"154,267","Applegate, Doug",Challenger,N/A,N/A,N/A,N/A,N/A,"1,621",R,0,50.26,49.74,
House,California,N/A,2014,District 49,49,20120101,"98,161","Issa, Darrell",Incumbent,"64,981","Peiser, Dave",Challenger,N/A,N/A,N/A,N/A,N/A,"33,180",R,0,60.17,39.83,
House,California,N/A,2012,District 49,49,20120101,"159,725","Issa, Darrell",Incumbent,"114,893","Tetalman, Jerry",Challenger,N/A,N/A,N/A,N/A,N/A,"44,832",R,0,58.16,41.84,
House,California,N/A,2018,District 50,50,20120101,"134,362","Hunter, Duncan D.",Incumbent,"125,448","Campa-Najjar, Ammar",Challenger,N/A,N/A,N/A,N/A,N/A,"8,914",R,0,51.72,48.28,
House,California,N/A,2016,District 50,50,20120101,"179,937","Hunter, Duncan L.",Challenger,"103,646","Malloy, Patrick",Challenger,N/A,N/A,N/A,N/A,N/A,"76,291",R,0,63.45,36.55,
House,California,N/A,2014,District 50,50,20120101,"111,997","Hunter, Duncan D.",Incumbent,"45,302","Kimber, James H.",Challenger,N/A,N/A,N/A,N/A,N/A,"66,695",R,0,71.2,28.8,
House,California,N/A,2012,District 50,50,20120101,"174,838","Hunter, Duncan L.",Incumbent,"83,455","Secor, David B.",Challenger,N/A,N/A,N/A,N/A,N/A,"91,383",R,0,67.69,32.31,
House,California,N/A,2018,District 51,51,20120101,"44,301","Hidalgo, Juan M. Jr.",Challenger,"109,527","Vargas, Juan",Incumbent,N/A,N/A,N/A,N/A,N/A,"65,226",D,0,28.8,71.2,
House,California,N/A,2016,District 51,51,20120101,"54,362","Hidalgo, Juan M. Jr.",Challenger,"145,162","Vargas, Juan",Incumbent,N/A,N/A,N/A,N/A,N/A,"90,800",D,0,27.25,72.75,
House,California,N/A,2014,District 51,51,20120101,"25,577","Meade, Stephen",Challenger,"56,373","Vargas, Juan",Incumbent,N/A,N/A,N/A,N/A,N/A,"30,796",D,0,31.21,68.79,
House,California,N/A,2012,District 51,51,20120101,"45,464","Crimmins, Michael",Challenger,"113,934","Vargas, Juan",Challenger,N/A,N/A,N/A,N/A,N/A,"68,470",D,0,28.52,71.48,
House,California,N/A,2018,District 52,52,20120101,"107,015","Qudrat, Omar",Challenger,"188,992","Peters, Scott",Incumbent,N/A,N/A,N/A,N/A,N/A,"81,977",D,0,36.15,63.85,
House,California,N/A,2016,District 52,52,20120101,"139,403","Gitsham, Denise",Challenger,"181,253","Peters, Scott",Incumbent,N/A,N/A,N/A,N/A,N/A,"41,850",D,0,43.47,56.53,
House,California,N/A,2014,District 52,52,20120101,"92,746","DeMaio, Carl",Challenger,"98,826","Peters, Scott",Incumbent,N/A,N/A,N/A,N/A,N/A,"6,080",D,0,48.41,51.59,
House,California,N/A,2012,District 52,52,20120101,"144,459","Bilbray, Brian P.",Incumbent,"151,451","Peters, Scott",Challenger,N/A,N/A,N/A,N/A,N/A,"6,992",D,0,48.82,51.18,
House,California,N/A,2018,District 53,53,20120101,"83,127","Murtaugh, Morgan",Challenger,"185,667","Davis, Susan A.",Incumbent,N/A,N/A,N/A,N/A,N/A,"102,540",D,0,30.93,69.07,
House,California,N/A,2016,District 53,53,20120101,"97,968","Veltmeyer, James",Challenger,"198,988","Davis, Susan A.",Incumbent,N/A,N/A,N/A,N/A,N/A,"101,020",D,0,32.99,67.01,
House,California,N/A,2014,District 53,53,20120101,"60,940","Wilske, Larry",Challenger,"87,104","Davis, Susan A.",Incumbent,N/A,N/A,N/A,N/A,N/A,"26,164",D,0,41.16,58.84,
House,California,N/A,2012,District 53,53,20120101,"103,482","Popaditch, Nick",Challenger,"164,825","Davis, Susan A.",Incumbent,N/A,N/A,N/A,N/A,N/A,"61,343",D,0,38.57,61.43,
,,,,,,,,,,,,,,,,,,,,,,,
,,,,,,,,,,,,,,,,,,,,,,,
,,,,,,,,,,,,,,,,,,,,,,,
CONGRESS 2012 to 2020 in COLORADO,,,,,,,,,,,,,,,,,,,,,,,
,,,,,,,,,,,,,,,,,,,,,,,
Office,State,CensusPop,raceYear,Area,AreaNumber,RedistrictedDate,RepVotes,RepCandidate,RepStatus,DemVotes,DemCandidate,DemStatus,ThirdParty,ThirdVotes,ThirdCandidate,ThirdStatus,OtherVotes,PluralityVotes,PluralityParty,ThirdVotesTotalPercent,RepVotesMajorPercent,DemVotesMajorPercent,RaceNotes
House,Colorado,N/A,2018,District 1,1,20120101,"85,207","Stockham, Charles",Challenger,"272,886","DeGette, Diana L.",Incumbent,Libertarian,"11,600","Doane, Raymon Anthony",Challenger,22,"187,679",D,3.14,23.79,76.21,"The other vote was: Lopez, Miguel (Write-in) 22"
House,Colorado,N/A,2016,District 1,1,20120101,"105,030","Stockham, Charles",Challenger,"257,254","DeGette, Diana L.",Incumbent,Libertarian,"16,752","Dinges, Darrell",Challenger,N/A,"152,224",D,4.42,28.99,71.01,
House,Colorado,N/A,2014,District 1,1,20120101,"80,682","Walsh, Martin H.",Challenger,"183,281","DeGette, Diana L.",Incumbent,Libertarian,"9,292","Atwood, Frank",Challenger,"5,239","102,599",D,3.34,30.57,69.43,"The other vote was: Stroud, Danny (Independent) 5,236; Kirschler, Daniel (Write-in) 2; Blackburn, Logan (Write-in) 1"
House,Colorado,N/A,2012,District 1,1,20120101,"93,217","Stroud, Danny",Challenger,"237,579","DeGette, Diana L.",Incumbent,Libertarian,"12,585","Atwood, Frank",Challenger,"4,847","144,362",D,3.61,28.18,71.82,"The other vote was: Swing, Gary (Green) 4,829; Juniel, Thomas Henry (Write-in) 18"
House,Colorado,N/A,2018,District 2,2,20120101,"144,901","Yu, Peter",Challenger,"259,608","Neguse, Joseph",Challenger,Independent,"16,356","Thomas, Nick",Challenger,"9,900","114,707",D,3.8,35.82,64.18,"The other vote was: Barris, Roger (Libertarian) 9,749; Alumbaugh, Kevin (Write-in) 151"
House,Colorado,N/A,2016,District 2,2,20120101,"170,001","Morse, Nicholas",Challenger,"260,175","Polis, Jared",Incumbent,Libertarian,"27,136","Longstreth, Richard",Challenger,N/A,"90,174",D,5.93,39.52,60.48,
House,Colorado,N/A,2014,District 2,2,20120101,"149,645","Leing, George",Challenger,"196,300","Polis, Jared",Incumbent,N/A,N/A,N/A,N/A,N/A,"46,655",D,0,43.26,56.74,
House,Colorado,N/A,2012,District 2,2,20120101,"162,639","Lundberg, Kevin",Challenger,"234,758","Polis, Jared",Incumbent,Libertarian,"13,770","Luallin, Randy",Challenger,"10,413","72,119",D,3.27,40.93,59.07,"The other vote was: Hall, Susan P. (Green) 10,413"
House,Colorado,N/A,2018,District 3,3,20120101,"173,205","Tipton, Scott R.",Incumbent,"146,426","Bush, Diane Mitsch",Challenger,Independent,"10,831","Malarsie, Mary M.",Challenger,"5,739","26,779",R,3.22,54.19,45.81,"The other vote was: Kent, Gaylon (Libertarian) 5,727; Swing, Gary (Write-in) 9; Lohmiller, Bruce (Write-in) 3"
House,Colorado,N/A,2016,District 3,3,20120101,"204,220","Tipton, Scott R.",Incumbent,"150,914","Schwartz, Gail",Challenger,Libertarian,"18,903","Kent, Gaylon",Challenger,N/A,"53,306",R,5.05,57.51,42.49,
House,Colorado,N/A,2014,District 3,3,20120101,"163,011","Tipton, Scott R.",Incumbent,"100,364","Tapia, Abel",Challenger,Independent,"11,294","Casida, Tisha",Challenger,"6,472","62,647",R,4.02,61.89,38.11,"The other vote was: Mero, Travis (Libertarian) 6,472"
House,Colorado,N/A,2012,District 3,3,20120101,"185,291","Tipton, Scott R.",Incumbent,"142,920","Pace, Sal",Challenger,Unaffiliated,"11,125","Casida, Tisha",Challenger,"8,238","42,371",R,3.2,56.45,43.55,"The other vote was: Gilman, Gregory (Libertarian) 8,212; McMillan, Jaime (Write-in) 26"
House,Colorado,N/A,2018,District 4,4,20120101,"224,038","Buck, Ken",Incumbent,"145,544","McCormick, Karen",Challenger,Write-in,26,"Vigil, John B.",Challenger,13,"78,494",R,0.01,60.62,39.38,"The other vote was: Weil, Richard Lyons (Write-in) 13"
House,Colorado,N/A,2016,District 4,4,20120101,"248,230","Buck, Ken",Incumbent,"123,642","Seay, Bob",Challenger,Libertarian,"18,761","Griffith, Bruce",Challenger,2,"124,588",R,4.8,66.75,33.25,"The other vote was: Howbert, Donald (Write-in) 2"
House,Colorado,N/A,2014,District 4,4,20120101,"185,292","Buck, Ken",Challenger,"83,727","Meyers, Vic",Challenger,Libertarian,"9,472","Loban, Jess",Challenger,"8,016","101,565",R,3.31,68.88,31.12,"The other vote was: Doherty, Grant (Independent) 8,016"
House,Colorado,N/A,2012,District 4,4,20120101,"200,006","Gardner, Cory",Incumbent,"125,800","Shaffer, Brandon",Challenger,Libertarian,"10,682","Gilliland, Josh",Challenger,"5,848","74,206",R,3.12,61.39,38.61,"The other vote was: Aden, Doug (American Constitution) 5,848"
House,Colorado,N/A,2018,District 5,5,20120101,"184,002","Lamborn, Doug",Incumbent,"126,848","Spaulding, Stephany Rose",Challenger,Libertarian,"11,795","Randall, Douglas",Challenger,71,"57,154",R,3.65,59.19,40.81,"The other vote was: Furstenberg, Lori (Write-in) 55; Croom, John (Write-in) 16"
House,Colorado,N/A,2016,District 5,5,20120101,"225,445","Lamborn, Doug",Incumbent,"111,676","Plowright, Misty",Challenger,Libertarian,"24,872","McRedmond, Mike",Challenger,121,"113,769",R,6.87,66.87,33.13,"The other vote was: Imrie, Curtis (Write-in) 121"
House,Colorado,N/A,2014,District 5,5,20120101,"157,182","Lamborn, Doug",Incumbent,"105,673","Halter Jr., Irving Leslie",Challenger,N/A,N/A,N/A,N/A,N/A,"51,509",R,0,59.8,40.2,
House,Colorado,N/A,2016,District 6,6,20120101,"191,626","Coffman, Mike",Incumbent,"160,372","Carroll, Morgan",Challenger,Libertarian,"18,778","Olsen, Norm",Challenger,"5,641","31,254",R,4.99,54.44,45.56,"The other vote was: Worthey, Robert Lee (Green) 5,641"
House,Colorado,N/A,2014,District 6,6,20120101,"143,467","Coffman, Mike",Incumbent,"118,847","Romanoff, Andrew",Challenger,Libertarian,"8,623","Olsen, Norm",Challenger,"5,503","24,620",R,3.12,54.69,45.31,"The other vote was: Swing, Gary (Green) 5,503"
House,Colorado,N/A,2012,District 6,6,20120101,"163,938","Coffman, Mike",Incumbent,"156,937","Miklosi, Joe",Challenger,Unaffiliated,"13,442","Polhemus, Kathy",Challenger,"8,597","7,001",R,3.92,51.09,48.91,"The other vote was: Provost, Patrick E. (Libertarian) 8,597"
House,Colorado,N/A,2012,District 5,5,20120101,"199,639","Lamborn, Doug",Incumbent,N/A,N/A,N/A,Unaffiliated,"53,318","Anderson, Dave",Challenger,"54,280","146,321",R,17.35,100,0,"The other vote was: Pirtle, Jim (Libertarian) 22,778; Luzov, Misha (Green) 18,284; Harvell, Kenneth R. (Constitution) 13,212; Cantrell, George Allen (Write-in) 6"
House,Colorado,N/A,2018,District 6,6,20120101,"148,685","Coffman, Mike",Incumbent,"187,639","Crow, Jason",Challenger,Libertarian,"5,886","Martin, Kat",Challenger,"4,612","38,954",D,1.7,44.21,55.79,"The other vote was: Chapin, Dan (Unaffiliated) 4,607; Allen, Christopher (Write-in) 5"
House,Colorado,N/A,2018,District 7,7,20120101,"119,734"," Barrington, Mark",Challenger,"204,260","Perlmutter, Ed",Incumbent,Libertarian,"14,012","Nackerud, Jennifer",Challenger,61,"84,526",D,4.14,36.96,63.04,"The other vote was: Zorn, Steve (Write-in) 45; Haughey, Michael (Write-in) 16"
House,Colorado,N/A,2016,District 7,7,20120101,"144,066","Athanasopoulos, George",Challenger,"199,758","Perlmutter, Ed",Incumbent,Libertarian,"18,186","Buchanan, Martin L.",Challenger,N/A,"55,692",D,5.02,41.9,58.1,
House,Colorado,N/A,2014,District 7,7,20120101,"120,918","Ytterberg, Don",Challenger,"148,225","Perlmutter, Ed",Incumbent,N/A,N/A,N/A,N/A,N/A,"27,307",D,0,44.93,55.07,
House,Colorado,N/A,2012,District 7,7,20120101,"139,066","Coors, Joe",Challenger,"182,460","Perlmutter, Ed",Incumbent,American Constitution,"10,296","Campbell, Douglas",Challenger,"9,148","43,394",D,3.02,43.25,56.75,"The other vote was: Bailey, Buck (Libertarian) 9,148"
,,,,,,,,,,,,,,,,,,,,,,,
,,,,,,,,,,,,,,,,,,,,,,,
,,,,,,,,,,,,,,,,,,,,,,,
CONGRESS 2012 to 2020 in CONNECTICUT,,,,,,,,,,,,,,,,,,,,,,,
,,,,,,,,,,,,,,,,,,,,,,,
Office,State,CensusPop,raceYear,Area,AreaNumber,RedistrictedDate,RepVotes,RepCandidate,RepStatus,DemVotes,DemCandidate,DemStatus,ThirdParty,ThirdVotes,ThirdCandidate,ThirdStatus,OtherVotes,PluralityVotes,PluralityParty,ThirdVotesTotalPercent,RepVotesMajorPercent,DemVotesMajorPercent,RaceNotes
House,Connecticut,N/A,2018,District 1,1,20120101,"96,024","Nye, Jennifer",Challenger,"175,087","Larson, John B.",Incumbent,Green,"3,029","McCormick, Thomas",Challenger,N/A,"79,063",D,1.1,35.42,64.58,
House,Connecticut,N/A,2016,District 1,1,20120101,"105,674","Corey, Matthew M.",Challenger,"200,686","Larson, John B.",Incumbent,Green,"6,563","DeRosa, S. Michael",Challenger,2,"95,012",D,2.1,34.49,65.51,"The other vote was: Jackson, Charles (Write-in) 1; Stewart, Mark (Write-in) 1"
House,Connecticut,N/A,2014,District 1,1,20120101,"78,609","Corey, Matthew M.",Challenger,"135,825","Larson, John B.",Incumbent,Green,"3,447","Russell, Jeffery",Challenger,N/A,"57,216",D,1.58,36.66,63.34,
House,Connecticut,N/A,2012,District 1,1,20120101,"82,321","Decker, John Henry",Challenger,"206,973","Larson, John B.",Incumbent,Green,"5,477","DeRosa, S. Michael",Challenger,"2,290","124,652",D,1.84,28.46,71.54,"The other vote was: Corey, Matthew M. (Unaffiliated) 2,290"
House,Connecticut,N/A,2018,District 2,2,20120101,"102,483","Postemski, Danny",Challenger,"179,731","Courtney, Joe",Incumbent,Green,"3,595","Bicking, Michelle Louise",Challenger,"3,305","77,248",D,1.24,36.31,63.69,"The other vote was: Reale, Daniel (Libertarian) 3,305"
House,Connecticut,N/A,2016,District 2,2,20120101,"111,149","Novak, Daria",Challenger,"208,818","Courtney, Joe",Incumbent,Green,"5,332","Pelto, Jonathan",Challenger,"4,958","97,669",D,1.61,34.74,65.26,"The other vote was: Reale, Daniel J. (Libertarian) 4,949; Traceski, Elizabeth F (Write-in) 9"
House,Connecticut,N/A,2014,District 2,2,20120101,"80,837","Hopkins-Cavanagh, Lori",Challenger,"141,948","Courtney, Joe",Incumbent,Libertarian,"2,602","Reale, Daniel J.",Challenger,"2,549","61,111",D,1.14,36.28,63.72,"The other vote was: Clyde, William (Green) 2,549"
House,Connecticut,N/A,2012,District 2,2,20120101,"88,103","Formica, Paul",Challenger,"204,708","Courtney, Joe",Incumbent,Green,"3,638","Bennett, Colin D.",Challenger,"3,511","116,605",D,1.21,30.09,69.91,"The other vote was: Reale, Daniel J. (Libertarian) 3,511"
House,Connecticut,N/A,2018,District 3,3,20120101,"95,667","Cadena, Angel Luis Jr.",Challenger,"174,572","DeLauro, Rosa L.",Incumbent,N/A,N/A,N/A,N/A,N/A,"78,905",D,0,35.4,64.6,
House,Connecticut,N/A,2016,District 3,3,20120101,"95,786","Cadena, Angel Luis Jr.",Challenger,"213,572","DeLauro, Rosa L.",Incumbent,Write-in,18,"Schaefer, Christopher",Challenger,3,"117,786",D,0.01,30.96,69.04,"The other vote was: Rule, Andrew (Write-in) 3"
House,Connecticut,N/A,2014,District 3,3,20120101,"69,454","Brown, James E.",Challenger,"140,485","DeLauro, Rosa L.",Incumbent,N/A,N/A,N/A,N/A,N/A,"71,031",D,0,33.08,66.92,
House,Connecticut,N/A,2012,District 3,3,20120101,"73,726","Winsley, Wayne",Challenger,"217,573","DeLauro, Rosa L.",Incumbent,Write-in,2,Scattered Write-In,Challenger,N/A,"143,847",D,0,25.31,74.69,
House,Connecticut,N/A,2018,District 4,4,20120101,"106,921","Arora, Harry",Challenger,"168,726","Himes, Jim",Incumbent,Write-in,4,"Peng , Yusheng",Challenger,N/A,"61,805",D,0,38.79,61.21,
House,Connecticut,N/A,2016,District 4,4,20120101,"125,724","Shaban, John",Challenger,"187,811","Himes, Jim",Incumbent,Write-in,5,"Vassar, Carl E.",Challenger,N/A,"62,087",D,0,40.1,59.9,
House,Connecticut,N/A,2014,District 4,4,20120101,"91,922","Debicella, Dan",Challenger,"106,873","Himes, Jim",Incumbent,Write-in,3,"Miller, Stephen A.",Challenger,2,"14,951",D,0,46.24,53.76,"The other vote was: Pastore, Sophie E. (Write-in) 2"
House,Connecticut,N/A,2012,District 4,4,20120101,"117,503","Obsitnik, Steve",Challenger,"175,929","Himes, Jim",Incumbent,N/A,N/A,N/A,N/A,N/A,"58,426",D,0,40.04,59.96,
House,Connecticut,N/A,2018,District 5,5,20120101,"119,426","Santos, Manny",Challenger,"151,225","Hayes, Jahana",Challenger,Write-in,13,"Pistone , John",Challenger,N/A,"31,799",D,0,44.13,55.87,
House,Connecticut,N/A,2016,District 5,5,20120101,"129,801","Cope, Clay",Challenger,"179,252","Esty, Elizabeth",Incumbent,Write-in,28,"Pistone, John",Challenger,1,"49,451",D,0.01,42,58,"The other vote was: Adams, Ann-Marie (Write-in) 1; Greenstein, Mark Stewart (Write-in) 0; Sperry, Aaron (Write-in) 0"
House,Connecticut,N/A,2014,District 5,5,20120101,"97,767","Greenberg, Mark",Challenger,"113,564","Esty, Elizabeth",Incumbent,Independent,"1,970","Pistone, John",Challenger,N/A,"15,797",D,0.92,46.26,53.74,
House,Connecticut,N/A,2012,District 5,5,20120101,"138,637","Roraback, Andrew",Challenger,"146,098","Esty, Elizabeth",Challenger,Write-in,22,Scattered Write-In,Challenger,N/A,"7,461",D,0.01,48.69,51.31,
,,,,,,,,,,,,,,,,,,,,,,,
,,,,,,,,,,,,,,,,,,,,,,,
,,,,,,,,,,,,,,,,,,,,,,,
CONGRESS 2012 to 2020 in DELAWARE,,,,,,,,,,,,,,,,,,,,,,,
,,,,,,,,,,,,,,,,,,,,,,,
Office,State,CensusPop,raceYear,Area,AreaNumber,RedistrictedDate,RepVotes,RepCandidate,RepStatus,DemVotes,DemCandidate,DemStatus,ThirdParty,ThirdVotes,ThirdCandidate,ThirdStatus,OtherVotes,PluralityVotes,PluralityParty,ThirdVotesTotalPercent,RepVotesMajorPercent,DemVotesMajorPercent,RaceNotes
House,Delaware,N/A,2018,At Large,1,N/A,"125,384","Walker, Scott",Challenger,"227,353","Rochester, Lisa Blunt",Incumbent,Write-in,637,"Johnston, Paul A.",Challenger,440,"101,969",D,0.18,35.55,64.45,"The other vote was: Webb, Andrew C. (Write-in) 417; Davis , Marvin (Write-in) 23"
House,Delaware,N/A,2016,At Large,1,N/A,"172,301","Reigle, Hans",Challenger,"233,554","Rochester, Lisa Blunt",Challenger,Green,"8,326","Perri, Mark J.",Challenger,"6,501","61,253",D,1.98,42.45,57.55,"The other vote was: Gesty, Scott A. (Libertarian) 6,436; Scattered Write-In (Write-in) 65"
House,Delaware,N/A,2014,At Large,1,N/A,"85,146","Izzo, Rose",Challenger,"137,251","Carney, John C. Jr.",Incumbent,Green,"4,801","August, Bernard",Challenger,"4,419","52,105",D,2.07,38.29,61.71,"The other vote was: Gesty, Scott A. (Libertarian) 4,419"
House,Delaware,N/A,2012,At Large,1,N/A,"129,757","Kovach, Thomas H.",Challenger,"249,933","Carney, John C. Jr.",Incumbent,Green,"4,273","August, Bernard",Challenger,"4,096","120,176",D,1.1,34.17,65.83,"The other vote was: Gesty, Scott A. (Libertarian) 4,096"
,,,,,,,,,,,,,,,,,,,,,,,
,,,,,,,,,,,,,,,,,,,,,,,
,,,,,,,,,,,,,,,,,,,,,,,
CONGRESS 2012 to 2020 in FLORIDA,,,,,,,,,,,,,,,,,,,,,,,
,,,,,,,,,,,,,,,,,,,,,,,
Office,State,CensusPop,raceYear,Area,AreaNumber,RedistrictedDate,RepVotes,RepCandidate,RepStatus,DemVotes,DemCandidate,DemStatus,ThirdParty,ThirdVotes,ThirdCandidate,ThirdStatus,OtherVotes,PluralityVotes,PluralityParty,ThirdVotesTotalPercent,RepVotesMajorPercent,DemVotesMajorPercent,RaceNotes
House,Florida,N/A,2018,District 1,1,20120101,"216,189","Gaetz, Matt",Incumbent,"106,199","Zimmerman, Jennifer M.",Challenger,N/A,N/A,N/A,N/A,N/A,"109,990",R,0,67.06,32.94,
House,Florida,N/A,2016,District 1,1,20120101,"255,107","Gaetz, Matt",Challenger,"114,079","Specht, Steven",Challenger,N/A,N/A,N/A,N/A,N/A,"141,028",R,0,69.1,30.9,
House,Florida,N/A,2014,District 1,1,20120101,"165,086","Miller, Jeff",Incumbent,"54,976","Bryan, James",Challenger,No Party Affiliation,"15,281","Wichern, Mark",Challenger,N/A,"110,110",R,6.49,75.02,24.98,
House,Florida,N/A,2012,District 1,1,20120101,"238,440","Miller, Jeff",Incumbent,"92,961","Bryan, James",Challenger,Libertarian,"11,176","Fretts, Calen",Challenger,17,"145,479",R,3.26,71.95,28.05,"The other vote was: Drummond, William Cleave (Write-in) 17"
House,Florida,N/A,2018,District 2,2,20120101,"199,335","Dunn, Neal",Incumbent,"96,233","Rackleff, Bob",Challenger,N/A,N/A,N/A,N/A,N/A,"103,102",R,0,67.44,32.56,
House,Florida,N/A,2016,District 2,2,20120101,"231,163","Dunn, Neal",Challenger,"102,801","Dartland, Walter",Challenger,Libertarian,"9,395","Lapham, Robert",Challenger,3,"128,362",R,2.74,69.22,30.78,"The other vote was: Roberts, Antoine Edward (Write-in) 3"
House,Florida,N/A,2014,District 2,2,20120101,"123,262","Southerland, Steve",Incumbent,"126,096","Graham, Gwen",Challenger,Write-in,422,"Lee, Luther",Challenger,N/A,"2,834",D,0.17,49.43,50.57,
House,Florida,N/A,2012,District 2,2,20120101,"175,856","Southerland, Steve",Incumbent,"157,634","Lawson, Al",Challenger,Write-in,228,"Miller, Floyd",Challenger,N/A,"18,222",R,0.07,52.73,47.27,
House,Florida,N/A,2018,District 3,3,20120101,"176,616","Yoho, Ted",Incumbent,"129,880","Hayes Hinson, Yvonne ",Challenger,N/A,N/A,N/A,N/A,N/A,"46,736",R,0,57.62,42.38,
House,Florida,N/A,2016,District 3,3,20120101,"193,843","Yoho, Ted",Incumbent,"136,338","McGurn, Kenneth",Challenger,No Party Affiliation,"12,519","Wells, Tom",Challenger,N/A,"57,505",R,3.65,58.71,41.29,
House,Florida,N/A,2014,District 3,3,20120101,"148,691","Yoho, Ted",Incumbent,"73,910","Wheeler, Marihelen Haddock",Challenger,No Party Affiliation,"6,208","Lawson, Howard ""Term Limits""",Challenger,N/A,"74,781",R,2.71,66.8,33.2,
House,Florida,N/A,2012,District 3,3,20120101,"204,331","Yoho, Ted",Challenger,"102,468","Gaillot, J.R.",Challenger,Unaffiliated,"8,870","Dodds, Philip",Challenger,N/A,"101,863",R,2.81,66.6,33.4,
House,Florida,N/A,2018,District 4,4,20120101,"248,420","Rutherford, John",Incumbent,"123,351","Selmont, Ges",Challenger,No Party,"7,155","Berrios, Joceline",Challenger,"2,323","125,069",R,1.88,66.82,33.18,"The other vote was: Bulger, Michael J. (No Party) 2,321; Koniz, Gary L. (Write-in) 2; Murphy, Danny (Write-in) 0"
House,Florida,N/A,2016,District 4,4,20120101,"287,509","Rutherford, John",Challenger,"113,088","Bruderly, David E.",Challenger,No Party Affiliation,"9,054","Koniz, Gary L.",Challenger,11,"174,421",R,2.21,71.77,28.23,"The other vote was: Murphy, Daniel (Write-in) 11"
House,Florida,N/A,2014,District 4,4,20120101,"177,887","Crenshaw, Ander",Incumbent,N/A,N/A,N/A,No Party Affiliation,"35,663","Moser-Bartlett, Paula",Challenger,"13,703","142,224",R,15.69,100,0,"The other vote was: Koniz, Gary L. (No Party Affiliation) 13,690; Pueschel, Deborah Katz (Write-in) 13"
House,Florida,N/A,2012,District 4,4,20120101,"239,988","Crenshaw, Ander",Incumbent,N/A,N/A,N/A,Unaffiliated,"75,236","Klauder, Jim",Challenger,246,"164,752",R,23.85,100,0,"The other vote was: Koniz, Gary L. (Write-in) 246"
House,Florida,N/A,2018,District 5,5,20120101,"89,799"," Fuller, Virginia",Challenger,"180,527","Lawson, Al",Incumbent,N/A,N/A,N/A,N/A,N/A,"90,728",D,0,33.22,66.78,
House,Florida,N/A,2016,District 5,5,20120101,"108,325","Scurry-Smith, Gloreatha",Challenger,"194,549","Lawson, Al",Challenger,N/A,N/A,N/A,N/A,N/A,"86,224",D,0,35.77,64.23,
House,Florida,N/A,2014,District 5,5,20120101,"59,237","Scurry-Smith, Gloreatha",Challenger,"112,340","Brown, Corrine",Incumbent,N/A,N/A,N/A,N/A,N/A,"53,103",D,0,34.53,65.47,
House,Florida,N/A,2012,District 5,5,20120101,"70,700","Kolb, LeAnne",Challenger,"190,472","Brown, Corrine",Incumbent,No Party Affiliation,"7,978","Fleming, Eileen",Challenger,3,"119,772",D,2.96,27.07,72.93,"The other vote was: Riggs, Bruce Ray (Write-in) 3"
House,Florida,N/A,2018,District 6,6,20120101,"187,891","Waltz, Michael",Challenger,"145,758"," Soderberg, Nancy",Challenger,N/A,N/A,N/A,N/A,N/A,"42,133",R,0,56.31,43.69,
House,Florida,N/A,2016,District 6,6,20120101,"213,519","DeSantis, Ron",Incumbent,"151,051","McCullough, William",Challenger,N/A,N/A,N/A,N/A,N/A,"62,468",R,0,58.57,41.43,
House,Florida,N/A,2014,District 6,6,20120101,"166,254","DeSantis, Ron",Incumbent,"99,563","Cox, David",Challenger,N/A,N/A,N/A,N/A,N/A,"66,691",R,0,62.54,37.46,
House,Florida,N/A,2012,District 6,6,20120101,"195,962","DeSantis, Ron",Challenger,"146,489","Beaven, Heather",Challenger,N/A,N/A,N/A,N/A,N/A,"49,473",R,0,57.22,42.78,
House,Florida,N/A,2018,District 7,7,20120101,"134,285","Miller, Mike",Challenger,"183,113","Murphy, Stephanie",Incumbent,N/A,N/A,N/A,N/A,N/A,"48,828",D,0,42.31,57.69,
House,Florida,N/A,2016,District 7,7,20120101,"171,583","Mica, John L.",Incumbent,"182,039","Murphy, Stephanie",Challenger,Write-in,33,"Plaskon, Mike",Challenger,N/A,"10,456",D,0.01,48.52,51.48,
House,Florida,N/A,2014,District 7,7,20120101,"144,474","Mica, John L.",Incumbent,"73,011","Neuman, Wesley Ryan",Challenger,No Party Affiliation,"9,679","Krulick, Al",Challenger,N/A,"71,463",R,4.26,66.43,33.57,
House,Florida,N/A,2012,District 7,7,20120101,"185,518","Mica, John L.",Incumbent,"130,479","Kendall, Jason H.",Challenger,Write-in,13,"Marra, Fred",Challenger,N/A,"55,039",R,0,58.71,41.29,
House,Florida,N/A,2018,District 8,8,20120101,"218,112","Posey, Bill",Incumbent,"142,415","Patel, Sanjay ",Challenger,N/A,N/A,N/A,N/A,N/A,"75,697",R,0,60.5,39.5,
House,Florida,N/A,2016,District 8,8,20120101,"246,483","Posey, Bill",Incumbent,"127,127","Westbrook, Corry",Challenger,No Party Affiliation,"16,951","Stinson, Bill",Challenger,N/A,"119,356",R,4.34,65.97,34.03,
House,Florida,N/A,2014,District 8,8,20120101,"180,728","Posey, Bill",Incumbent,"93,724","Rothblatt, Gabriel",Challenger,Write-in,61,"Duncan, Christopher L. Jr.",Challenger,N/A,"87,004",R,0.02,65.85,34.15,
House,Florida,N/A,2012,District 8,8,20120101,"205,432","Posey, Bill",Incumbent,"130,870","Roberts, Shannon",Challenger,No Party Affiliation,"12,607","Gillmor, Richard",Challenger,N/A,"74,562",R,3.61,61.09,38.91,
House,Florida,N/A,2018,District 9,9,20120101,"124,565","Liebnitzky, Wayne",Challenger,"172,172","Soto, Darren",Incumbent,N/A,N/A,N/A,N/A,N/A,"47,607",D,0,41.98,58.02,
House,Florida,N/A,2016,District 9,9,20120101,"144,450","Liebnitzky, Wayne",Challenger,"195,311","Soto, Darren",Challenger,N/A,N/A,N/A,N/A,N/A,"50,861",D,0,42.52,57.48,
House,Florida,N/A,2014,District 9,9,20120101,"74,963","Platt, Carol",Challenger,"93,850","Grayson, Alan",Incumbent,No Party Affiliation,"5,060","Milakovich, Marko",Challenger,5,"18,887",D,2.91,44.41,55.59,"The other vote was: Ray, Leon Leo (Write-in) 5"
House,Florida,N/A,2012,District 9,9,20120101,"98,856","Long, Todd",Challenger,"164,891","Grayson, Alan",Challenger,N/A,N/A,N/A,N/A,N/A,"66,035",D,0,37.48,62.52,
House,Florida,N/A,2018,District 10,10,20120101,N/A,N/A,N/A,N/A,N/A,N/A,N/A,N/A,N/A,N/A,N/A,0,,0,0,0,
House,Florida,N/A,2016,District 10,10,20120101,"107,498","Lowe, Thuy",Challenger,"198,491","Demings, Val B.",Challenger,N/A,N/A,N/A,N/A,N/A,"90,993",D,0,35.13,64.87,
House,Florida,N/A,2014,District 10,10,20120101,"143,128","Webster, Daniel A.",Incumbent,"89,426","McKenna, Michael Patrick",Challenger,Write-in,20,"Falstad, David B.",Challenger,N/A,"53,702",R,0.01,61.55,38.45,
House,Florida,N/A,2012,District 10,10,20120101,"164,649","Webster, Daniel A.",Incumbent,"153,574","Demings, Val B.",Challenger,Write-in,46,"Seegolam, Naipaul",Challenger,N/A,"11,075",R,0.01,51.74,48.26,
House,Florida,N/A,2018,District 11,11,20120101,"239,395","Webster, Daniel A.",Incumbent,"128,053","Cottrell, Dana",Challenger,Write-in,58,"Saidana, Luis",Challenger,N/A,"111,342",R,0.02,65.15,34.85,
House,Florida,N/A,2016,District 11,11,20120101,"258,016","Webster, Daniel A.",Challenger,"124,713","Koller, David C.",Challenger,No Party Affiliation,"11,990","Riggs, Bruce Ray",Challenger,N/A,"133,303",R,3.04,67.41,32.59,
House,Florida,N/A,2014,District 11,11,20120101,"181,508","Nugent, Richard B.",Incumbent,"90,786","Koller, David C.",Challenger,N/A,N/A,N/A,N/A,N/A,"90,722",R,0,66.66,33.34,
House,Florida,N/A,2012,District 11,11,20120101,"218,360","Nugent, Richard B.",Incumbent,"120,303","Werder, H. David",Challenger,N/A,N/A,N/A,N/A,N/A,"98,057",R,0,64.48,35.52,
House,Florida,N/A,2018,District 12,12,20120101,"194,564","Bilirakis, Gus Michael",Incumbent,"132,844"," Hunter, Chris",Challenger,No Party Affiliation,"7,510","Purkis, Angelika",Challenger,N/A,"61,720",R,2.24,59.43,40.57,
House,Florida,N/A,2016,District 12,12,20120101,"253,559","Bilirakis, Gus Michael",Incumbent,"116,110","Tager, Robert Matthew",Challenger,N/A,N/A,N/A,N/A,N/A,"137,449",R,0,68.59,31.41,
House,Florida,N/A,2014,District 12,12,20120101,Unopposed,"Bilirakis, Gus Michael",Incumbent,N/A,N/A,N/A,N/A,N/A,N/A,N/A,N/A,0,R,0,100,0,
House,Florida,N/A,2012,District 12,12,20120101,"209,604","Bilirakis, Gus Michael",Incumbent,"108,770","Snow, Jonathan Michael",Challenger,No Party Affiliation,"6,878","Russell, John",Challenger,"4,915","100,834",R,2.08,65.84,34.16,"The other vote was: Elliott, Paul Sidney (No Party Affiliation) 4,915"
House,Florida,N/A,2018,District 13,13,20120101,"134,254","Buck, George",Challenger,"182,717","Crist, Charlie",Incumbent,N/A,N/A,N/A,N/A,N/A,"48,463",D,0,42.36,57.64,
House,Florida,N/A,2016,District 13,13,20120101,"171,149","Jolly, David W.",Incumbent,"184,693","Crist, Charlie",Challenger,N/A,N/A,N/A,N/A,N/A,"13,544",D,0,48.1,51.9,
House,Florida,N/A,2014,District 13,13,20120101,"168,172","Jolly, David W.",Incumbent,N/A,N/A,N/A,Libertarian,"55,318","Overby, Lucas",Challenger,86,"112,854",R,24.74,100,0,"The other vote was: Levinson, Michael Stephen (Write-in) 86"
House,Florida,N/A,2012,District 13,13,20120101,"189,605","Young, C.W. Bill",Incumbent,"139,742","Ehrlich, Jessica",Challenger,N/A,N/A,N/A,N/A,N/A,"49,863",R,0,57.57,42.43,
House,Florida,N/A,2018,District 14,14,20120101,N/A,N/A,N/A,N/A,N/A,N/A,N/A,N/A,N/A,N/A,N/A,0,,0,0,0,
House,Florida,N/A,2016,District 14,14,20120101,"121,088","Quinn, Christine",Challenger,"195,789","Castor, Kathy",Incumbent,N/A,N/A,N/A,N/A,N/A,"74,701",D,0,38.21,61.79,
House,Florida,N/A,2014,District 14,14,20120101,N/A,N/A,N/A,Unopposed,"Castor, Kathy",Incumbent,N/A,N/A,N/A,N/A,N/A,0,D,0,0,100,
House,Florida,N/A,2012,District 14,14,20120101,"83,480","Otero, Evelio",Challenger,"197,121","Castor, Kathy",Incumbent,N/A,N/A,N/A,N/A,N/A,"113,641",D,0,29.75,70.25,
House,Florida,N/A,2018,District 15,15,20120101,"151,380","Spano, Ross",Challenger,"134,132"," Carlson, Kristen",Challenger,Write-in,15,"Johnson, Dave",Challenger,5,"17,248",R,0.01,53.02,46.98,"The other vote was: Rabinowitz, Jeffrey G. (Write-in) 3; Bynzar, Alek (Write-in) 2"
House,Florida,N/A,2016,District 15,15,20120101,"182,999","Ross, Dennis A.",Incumbent,"135,475","Lange, Jim",Challenger,N/A,N/A,N/A,N/A,N/A,"47,524",R,0,57.46,42.54,
House,Florida,N/A,2014,District 15,15,20120101,"128,750","Ross, Dennis A.",Incumbent,"84,832","Cohn, Alan Michael",Challenger,N/A,N/A,N/A,N/A,N/A,"43,918",R,0,60.28,39.72,
House,Florida,N/A,2012,District 15,15,20120101,N/A,N/A,N/A,N/A,N/A,N/A,N/A,N/A,N/A,N/A,N/A,0,,0,0,0,
House,Florida,N/A,2018,District 16,16,20120101,"197,483","Buchanan, Vern",Incumbent,"164,463","Shapiro, David",Challenger,N/A,N/A,N/A,N/A,N/A,"33,020",R,0,54.56,45.44,
House,Florida,N/A,2016,District 16,16,20120101,"230,654","Buchanan, Vern",Incumbent,"155,262","Schneider, Jan",Challenger,N/A,N/A,N/A,N/A,N/A,"75,392",R,0,59.77,40.23,
House,Florida,N/A,2014,District 16,16,20120101,"169,126","Buchanan, Vern",Incumbent,"105,483","Lawrence, Henry",Challenger,Write-in,220,"Newman, Joe",Challenger,N/A,"63,643",R,0.08,61.59,38.41,
House,Florida,N/A,2012,District 16,16,20120101,"187,147","Buchanan, Vern",Incumbent,"161,929","Fitzgerald, Keith",Challenger,N/A,N/A,N/A,N/A,N/A,"25,218",R,0,53.61,46.39,
House,Florida,N/A,2018,District 17,17,20120101,"193,326","Steube, Greg",Challenger,"117,194","Ellison, Allen",Challenger,N/A,N/A,N/A,N/A,N/A,"76,132",R,0,62.26,37.74,
House,Florida,N/A,2016,District 17,17,20120101,"209,348","Rooney, Tom",Incumbent,"115,974","Freeman, April",Challenger,No Party Affiliation,"13,353","Sawyer, John W",Challenger,N/A,"93,374",R,3.94,64.35,35.65,
House,Florida,N/A,2014,District 17,17,20120101,"141,493","Rooney, Tom",Incumbent,"82,263","Bronson, William",Challenger,N/A,N/A,N/A,N/A,N/A,"59,230",R,0,63.24,36.76,
House,Florida,N/A,2012,District 17,17,20120101,"165,488","Rooney, Tom",Incumbent,"116,766","Bronson, William",Challenger,Write-in,17,"Baumann, Tom",Challenger,N/A,"48,722",R,0.01,58.63,41.37,
House,Florida,N/A,2018,District 18,18,20120101,"185,905","Mast, Brian",Incumbent,"156,454"," Baer, Lauren",Challenger,N/A,N/A,N/A,N/A,N/A,"29,451",R,0,54.3,45.7,
House,Florida,N/A,2016,District 18,18,20120101,"201,488","Mast, Brian",Challenger,"161,918","Perkins, Randy",Challenger,No Party Affiliation,"12,503","Spalding, Carla",Challenger,9,"39,570",R,3.33,55.44,44.56,"The other vote was: Holloman, Marilyn Davis (Write-in) 9"
House,Florida,N/A,2014,District 18,18,20120101,"101,896","Domino, Carl J.",Challenger,"151,478","Murphy, Patrick",Incumbent,N/A,N/A,N/A,N/A,N/A,"49,582",D,0,40.22,59.78,
House,Florida,N/A,2012,District 18,18,20120101,"164,353","West, Allen",Incumbent,"166,257","Murphy, Patrick",Challenger,Write-in,55,"Holloman, Marilyn Davis",Challenger,N/A,"1,904",D,0.02,49.71,50.29,
House,Florida,N/A,2018,District 19,19,20120101,"211,465","Rooney, Francis",Incumbent,"128,106"," Holden, David",Challenger,Write-in,36,"Pollard, Pete",Challenger,N/A,"83,359",R,0.01,62.27,37.73,
House,Florida,N/A,2016,District 19,19,20120101,"239,225","Rooney, Francis",Challenger,"123,812","Neeld, Robert M.",Challenger,Write-in,109,"Byron, David",Challenger,20,"115,413",R,0.03,65.9,34.1,"The other vote was: Rossano, Timothy J. (Write-in) 20"
House,Florida,N/A,2014,District 19,19,20120101,"159,354","Clawson, Curt J.",Incumbent,"80,824","Freeman, April",Challenger,Libertarian,"6,671","Netherwood, Ray",Challenger,12,"78,530",R,2.7,66.35,33.65,"The other vote was: Rossano, Timothy J. (Write-in) 12"
House,Florida,N/A,2012,District 19,19,20120101,"189,833","Radel, Trey",Challenger,"109,746","Roach, Jim",Challenger,No Party Affiliation,"6,637","Smith, Brandon M.",Challenger,N/A,"80,087",R,2.17,63.37,36.63,
House,Florida,N/A,2018,District 20,20,20120101,N/A,N/A,N/A,"202,659","Hastings, Alcee L.",Incumbent,Write-in,165,"Bonner, Jay",Challenger,N/A,"202,494",D,0.08,0,100,
House,Florida,N/A,2016,District 20,20,20120101,"54,646","Stein, Gary",Challenger,"222,914","Hastings, Alcee L.",Incumbent,N/A,N/A,N/A,N/A,N/A,"168,268",D,0,19.69,80.31,
House,Florida,N/A,2014,District 20,20,20120101,"28,968","Bonner, Jay",Challenger,"128,498","Hastings, Alcee L.",Incumbent,N/A,N/A,N/A,N/A,N/A,"99,530",D,0,18.4,81.6,
House,Florida,N/A,2012,District 20,20,20120101,N/A,N/A,N/A,"214,727","Hastings, Alcee L.",Incumbent,Write-in,"29,553","Terry, Randall",Challenger,5,"185,174",D,12.1,0,100,"The other vote was: Dutrow, Anthony M. (Write-in) 5"
House,Florida,N/A,2018,District 21,21,20120101,N/A,N/A,N/A,N/A,N/A,N/A,N/A,N/A,N/A,N/A,N/A,0,,0,0,0,
House,Florida,N/A,2016,District 21,21,20120101,"118,038","Spain, Paul Douglas",Challenger,"210,606","Frankel, Lois",Challenger,No Party Affiliation,"7,217","Trout, W. Michael",Challenger,N/A,"92,568",D,2.15,35.92,64.08,
House,Florida,N/A,2014,District 21,21,20120101,N/A,N/A,N/A,"153,395","Deutch, Ted",Incumbent,Write-in,575,"Trout, W. Michael",Challenger,N/A,"152,820",D,0.37,0,100,
House,Florida,N/A,2012,District 21,21,20120101,N/A,N/A,N/A,"221,263","Deutch, Ted",Incumbent,No Party Affiliation,"37,776","Trout, W. Michael",Challenger,"25,361","183,487",D,13.28,0,100,"The other vote was: Henao, Cesar (No Party Affiliation) 25,361"
House,Florida,N/A,2018,District 22,22,20120101,"113,049"," Kimaz, Nicholas",Challenger,"184,634","Deutch, Ted",Incumbent,N/A,N/A,N/A,N/A,N/A,"71,585",D,0,37.98,62.02,
House,Florida,N/A,2016,District 22,22,20120101,"138,737","McGee, Andrea Leigh",Challenger,"199,113","Deutch, Ted",Challenger,N/A,N/A,N/A,N/A,N/A,"60,376",D,0,41.06,58.94,
House,Florida,N/A,2014,District 22,22,20120101,"90,685","Spain, Paul Douglas",Challenger,"125,404","Frankel, Lois",Incumbent,Write-in,7,"Schamis, Raymond",Challenger,N/A,"34,719",D,0,41.97,58.03,
House,Florida,N/A,2012,District 22,22,20120101,"142,050","Hasner, Adam",Challenger,"171,021","Frankel, Lois",Challenger,N/A,N/A,N/A,N/A,N/A,"28,971",D,0,45.37,54.63,
House,Florida,N/A,2018,District 23,23,20120101,"99,446","Kaufman, Joseph",Challenger,"161,611","Wasserman-Schultz, Debbie",Incumbent,No Party Affiliation,"13,697","Canova, Tim",Challenger,"1,612","62,165",D,4.96,38.09,61.91,"The other vote was: Endriss, Don (No Party Affiliation) 1,612"
House,Florida,N/A,2016,District 23,23,20120101,"130,818","Kaufman, Joseph",Challenger,"183,225","Wasserman-Schultz, Debbie",Incumbent,No Party Affiliation,"5,180","Endriss, Don",Challenger,"3,897","52,407",D,1.6,41.66,58.34,"The other vote was: Milstein, Lyle (No Party Affiliation) 3,897"
House,Florida,N/A,2014,District 23,23,20120101,"61,519","Kaufman, Joseph",Challenger,"103,269","Wasserman-Schultz, Debbie",Incumbent,N/A,N/A,N/A,N/A,N/A,"41,750",D,0,37.33,62.67,
House,Florida,N/A,2012,District 23,23,20120101,"98,096","Harrington, Karen",Challenger,"174,205","Wasserman-Schultz, Debbie",Incumbent,No Party Affiliation,"3,129","Katz, Ilya",Challenger,N/A,"76,109",D,1.14,36.02,63.98,
House,Florida,N/A,2018,District 24,24,20120101,N/A,N/A,N/A,N/A,N/A,N/A,N/A,N/A,N/A,N/A,N/A,0,,0,0,0,
House,Florida,N/A,2016,District 24,24,20120101,N/A,N/A,N/A,N/A,N/A,N/A,N/A,N/A,N/A,N/A,N/A,0,,0,0,0,
House,Florida,N/A,2014,District 24,24,20120101,"15,239","Neree, Dufirstson",Challenger,"129,192","Wilson, Frederica S.",Incumbent,No Party Affiliation,"5,487","Fernandez, Luis E.",Challenger,N/A,"113,953",D,3.66,10.55,89.45,
House,Florida,N/A,2012,District 24,24,20120101,N/A,N/A,N/A,N/A,N/A,N/A,N/A,N/A,N/A,N/A,N/A,0,,0,0,0,
House,Florida,N/A,2018,District 25,25,20120101,"128,672","Diaz-Balart, Mario",Incumbent,"84,173","Barzee Flores, Mary ",Challenger,N/A,N/A,N/A,N/A,N/A,"44,499",R,0,60.45,39.55,
House,Florida,N/A,2016,District 25,25,20120101,"157,921","Diaz-Balart, Mario",Incumbent,"95,319","Valdes, Alina",Challenger,N/A,N/A,N/A,N/A,N/A,"62,602",R,0,62.36,37.64,
House,Florida,N/A,2014,District 25,25,20120101,Unopposed,"Diaz-Balart, Mario",Incumbent,N/A,N/A,N/A,N/A,N/A,N/A,N/A,N/A,0,R,0,100,0,
House,Florida,N/A,2012,District 25,25,20120101,"151,466","Diaz-Balart, Mario",Incumbent,N/A,N/A,N/A,No Party Affiliation,"31,664","Blumenthal, Stanley",Challenger,"17,099","119,802",R,15.81,100,0,"The other vote was: Voteforeddie.Com (No Party Affiliation) 17,099"
House,Florida,N/A,2018,District 26,26,20120101,"115,678","Curbelo, Carlos",Incumbent,"119,797"," Mucarsel-Powell, Debbie",Challenger,N/A,N/A,N/A,N/A,N/A,"4,119",D,0,49.13,50.87,
House,Florida,N/A,2016,District 26,26,20120101,"148,547","Curbelo, Carlos",Incumbent,"115,493","Garcia, Joe",Challenger,No Party Affiliation,"16,502","Peixoto, Jose",Challenger,N/A,"33,054",R,5.88,56.26,43.74,
House,Florida,N/A,2014,District 26,26,20120101,"83,031","Curbelo, Carlos",Challenger,"78,306","Garcia, Joe",Incumbent,N/A,N/A,N/A,N/A,N/A,"4,725",R,0,51.46,48.54,
House,Florida,N/A,2012,District 26,26,20120101,"108,820","Rivera, David",Incumbent,"135,694","Garcia, Joe",Challenger,No Party Affiliation,"5,726","Fernandez, Angel",Challenger,"2,717","26,874",D,2.26,44.5,55.5,"The other vote was: Peixoto, Jose (No Party Affiliation) 2,717"
House,Florida,N/A,2018,District 27,27,20120101,"115,588","  Salazar, Maria Elvira",Challenger,"130,743"," Shalala, Donna",Challenger,No Party Affiliation,"6,255","Joli, Mayra",Challenger,N/A,"15,155",D,2.48,46.92,53.08,
House,Florida,N/A,2016,District 27,27,20120101,"157,917","Ros-Lehtinen, Ileana",Incumbent,"129,760","Fuhrman, Scott",Challenger,N/A,N/A,N/A,N/A,N/A,"28,157",R,0,54.89,45.11,
House,Florida,N/A,2014,District 27,27,20120101,Unopposed,"Ros-Lehtinen, Ileana",Incumbent,N/A,N/A,N/A,N/A,N/A,N/A,N/A,N/A,0,R,0,100,0,
House,Florida,N/A,2012,District 27,27,20120101,"138,488","Ros-Lehtinen, Ileana",Incumbent,"85,020","Yevancey, Manny",Challenger,No Party Affiliation,"6,663","Cruz-Wiggins, Thomas Joe",Challenger,N/A,"53,468",R,2.89,61.96,38.04,
,,,,,,,,,,,,,,,,,,,,,,,
,,,,,,,,,,,,,,,,,,,,,,,
,,,,,,,,,,,,,,,,,,,,,,,
CONGRESS 2012 to 2020 in GEORGIA,,,,,,,,,,,,,,,,,,,,,,,
,,,,,,,,,,,,,,,,,,,,,,,
Office,State,CensusPop,raceYear,Area,AreaNumber,RedistrictedDate,RepVotes,RepCandidate,RepStatus,DemVotes,DemCandidate,DemStatus,ThirdParty,ThirdVotes,ThirdCandidate,ThirdStatus,OtherVotes,PluralityVotes,PluralityParty,ThirdVotesTotalPercent,RepVotesMajorPercent,DemVotesMajorPercent,RaceNotes
House,Georgia,N/A,2018,District 1,1,20120101,"144,741","Carter, Earl Leroy",Incumbent,"105,942","Ring, Lisa",Challenger,N/A,N/A,N/A,N/A,N/A,"38,799",R,0,57.74,42.26,
House,Georgia,N/A,2016,District 1,1,20120101,"210,243","Carter, Earl Leroy",Incumbent,N/A,N/A,N/A,Write-in,869,"Russo, Nathan C.",Challenger,N/A,"209,374",R,0.41,100,0,
House,Georgia,N/A,2014,District 1,1,20120101,"95,337","Carter, Earl Leroy",Challenger,"61,175","Reese, Brian Corwin",Challenger,N/A,N/A,N/A,N/A,N/A,"34,162",R,0,60.91,39.09,
House,Georgia,N/A,2012,District 1,1,20120101,"157,181","Kingston, Jack",Incumbent,"92,399","Messinger, Lesli",Challenger,N/A,N/A,N/A,N/A,N/A,"64,782",R,0,62.98,37.02,"Georgia has a runoff for candidates that garner less than 50% of the vote. In CD4, Kathy Cox won the Republican primary but dropped out before the general election.  "
House,Georgia,N/A,2018,District 2,2,20120101,"92,472","West, Herman Jr.",Challenger,"136,699","Bishop, Sanford",Incumbent,N/A,N/A,N/A,N/A,N/A,"44,227",D,0,40.35,59.65,
House,Georgia,N/A,2016,District 2,2,20120101,"94,056","Duke, Greg",Challenger,"148,543","Bishop, Sanford",Incumbent,N/A,N/A,N/A,N/A,N/A,"54,487",D,0,38.77,61.23,
House,Georgia,N/A,2014,District 2,2,20120101,"66,537","Duke, Greg",Challenger,"96,363","Bishop, Sanford",Incumbent,N/A,N/A,N/A,N/A,N/A,"29,826",D,0,40.85,59.15,
House,Georgia,N/A,2012,District 2,2,20120101,"92,410","House, John",Challenger,"162,751","Bishop, Sanford",Incumbent,N/A,N/A,N/A,N/A,N/A,"70,341",D,0,36.22,63.78,
House,Georgia,N/A,2018,District 3,3,20120101,"191,996","Ferguson, Drew",Incumbent,"101,010","Enderlin, Chuck",Challenger,N/A,N/A,N/A,N/A,N/A,"90,986",R,0,65.53,34.47,
House,Georgia,N/A,2016,District 3,3,20120101,"207,218","Ferguson, Drew",Challenger,"95,969","Pendley, Angela",Challenger,N/A,N/A,N/A,N/A,N/A,"111,249",R,0,68.35,31.65,
House,Georgia,N/A,2014,District 3,3,20120101,"156,277","Westmoreland, Lynn A.",Incumbent,N/A,N/A,N/A,N/A,N/A,N/A,N/A,N/A,"156,277",R,0,100,0,
House,Georgia,N/A,2012,District 3,3,20120101,"232,380","Westmoreland, Lynn A.",Incumbent,N/A,N/A,N/A,Write-in,105,"Ferguson, David",Challenger,N/A,"232,275",R,0.05,100,0,
House,Georgia,N/A,2018,District 4,4,20120101,"61,092","Profit, Joe",Challenger,"227,717","Johnson, Henry C.",Incumbent,N/A,N/A,N/A,N/A,N/A,"166,625",D,0,21.15,78.85,
House,Georgia,N/A,2016,District 4,4,20120101,"70,593","Armendariz, Victor",Challenger,"220,146","Johnson, Henry C.",Incumbent,N/A,N/A,N/A,N/A,N/A,"149,553",D,0,24.28,75.72,
House,Georgia,N/A,2014,District 4,4,20120101,N/A,N/A,N/A,"161,211","Johnson, Henry C.",Incumbent,Write-in,109,"Davis, Raymond L.",Challenger,N/A,"161,102",D,0.07,0,100,
House,Georgia,N/A,2012,District 4,4,20120101,"75,041","Vaughn, J. Chris",Challenger,"208,861","Johnson, Henry C.",Incumbent,Write-in,58,"McKinney, Cynthia",Challenger,2,"133,820",D,0.02,26.43,73.57,"The other vote was: Fruit, Rachele (Write-in) 2"
House,Georgia,N/A,2018,District 5,5,20120101,N/A,N/A,N/A,"275,406","Lewis, John",Incumbent,N/A,N/A,N/A,N/A,N/A,"275,406",D,0,0,100,
House,Georgia,N/A,2016,District 5,5,20120101,"46,768","Bell, Douglas",Challenger,"253,781","Lewis, John",Incumbent,N/A,N/A,N/A,N/A,N/A,"207,013",D,0,15.56,84.44,
House,Georgia,N/A,2014,District 5,5,20120101,N/A,N/A,N/A,"170,326","Lewis, John",Incumbent,N/A,N/A,N/A,N/A,N/A,"170,326",D,0,0,100,
House,Georgia,N/A,2012,District 5,5,20120101,"43,335","Stopeck, Howard",Challenger,"234,330","Lewis, John",Incumbent,Write-in,24,Scattered Write-In,Challenger,N/A,"190,995",D,0.01,15.61,84.39,
House,Georgia,N/A,2018,District 6,6,20120101,"156,875","Handel, Karen",Incumbent,"160,139","McBath, Lucy Kay",Challenger,Write-in,18," Stubbs, Jeremy Carlton Heston",Challenger,N/A,"3,264",D,0.01,49.49,50.51,
House,Georgia,N/A,2016,District 6,6,20120101,"201,088","Price, Thomas E.",Incumbent,"124,917","Stooksbury, Rodney",Challenger,N/A,N/A,N/A,N/A,N/A,"76,171",R,0,61.68,38.32,
House,Georgia,N/A,2014,District 6,6,20120101,"139,018","Price, Thomas E.",Incumbent,"71,486","Montigel, Robert",Challenger,N/A,N/A,N/A,N/A,N/A,"67,532",R,0,66.04,33.96,
House,Georgia,N/A,2012,District 6,6,20120101,"189,669","Price, Thomas E.",Incumbent,"104,365","Kazanow, Jeff",Challenger,N/A,N/A,N/A,N/A,N/A,"85,304",R,0,64.51,35.49,
House,Georgia,N/A,2018,District 7,7,20120101,"140,430","Woodall, Rob",Incumbent,"140,011","Bourdeaux, Carolyn",Challenger,N/A,N/A,N/A,N/A,N/A,419,R,0,50.07,49.93,
House,Georgia,N/A,2016,District 7,7,20120101,"174,081","Woodall, Rob",Incumbent,"114,220","Malik, Rashid",Challenger,N/A,N/A,N/A,N/A,N/A,"59,861",R,0,60.38,39.62,
House,Georgia,N/A,2014,District 7,7,20120101,"113,557","Woodall, Rob",Incumbent,"60,112","Wight, Thomas D.",Challenger,N/A,N/A,N/A,N/A,N/A,"53,445",R,0,65.39,34.61,
House,Georgia,N/A,2012,District 7,7,20120101,"156,689","Woodall, Rob",Incumbent,"95,377","Reilly, Steve",Challenger,N/A,N/A,N/A,N/A,N/A,"61,312",R,0,62.16,37.84,
House,Georgia,N/A,2018,District 8,8,20120101,"198,152","Scott, Austin",Incumbent,N/A,N/A,N/A,Write-in,564,"Cooper, James L.  III",Challenger,N/A,"197,588",R,0.28,100,0,
House,Georgia,N/A,2016,District 8,8,20120101,"173,983","Scott, Austin",Incumbent,"83,225","Harris, James Neal",Challenger,N/A,N/A,N/A,N/A,N/A,"90,758",R,0,67.64,32.36,
House,Georgia,N/A,2014,District 8,8,20120101,"129,938","Scott, Austin",Incumbent,N/A,N/A,N/A,Write-in,119,"Cain, Ronald L.",Challenger,N/A,"129,819",R,0.09,100,0,
House,Georgia,N/A,2012,District 8,8,20120101,"197,789","Scott, Austin",Incumbent,N/A,N/A,N/A,N/A,N/A,N/A,N/A,N/A,"197,789",R,0,100,0,
House,Georgia,N/A,2018,District 9,9,20120101,"224,661","Collins, Doug",Incumbent,"57,912","McCall, Joshua Braxton",Challenger,Write-in,5," Baxter, Clifford  Dennis",Challenger,N/A,"166,749",R,0,79.51,20.49,
House,Georgia,N/A,2016,District 9,9,20120101,"256,535","Collins, Doug",Incumbent,N/A,N/A,N/A,N/A,N/A,N/A,N/A,N/A,"256,535",R,0,100,0,
House,Georgia,N/A,2014,District 9,9,20120101,"146,059","Collins, Doug",Incumbent,"34,988","Vogel, David D.",Challenger,N/A,N/A,N/A,N/A,N/A,"111,071",R,0,80.67,19.33,
House,Georgia,N/A,2012,District 9,9,20120101,"192,101","Collins, Doug",Challenger,"60,052","Cooley, Jody",Challenger,N/A,N/A,N/A,N/A,N/A,"132,049",R,0,76.18,23.82,
House,Georgia,N/A,2018,District 10,10,20120101,"190,396","Hice, Jody",Incumbent,"112,339","Johnson-Green, Tabitha A.",Challenger,N/A,N/A,N/A,N/A,N/A,"78,057",R,0,62.89,37.11,
House,Georgia,N/A,2016,District 10,10,20120101,"243,725","Hice, Jody",Incumbent,N/A,N/A,N/A,Write-in,886,"Ware, Leonard",Challenger,210,"242,839",R,0.36,100,0,"The other vote was: Boggs, Patrick A. (Write-in) 210"
House,Georgia,N/A,2014,District 10,10,20120101,"130,703","Hice, Jody",Challenger,"65,777","Dious, Ivory Kenneth",Challenger,N/A,N/A,N/A,N/A,N/A,"64,926",R,0,66.52,33.48,
House,Georgia,N/A,2012,District 10,10,20120101,"211,065","Broun, Paul",Incumbent,N/A,N/A,N/A,Write-in,401,"Brown, Brian Russell",Challenger,N/A,"210,664",R,0.19,100,0,
House,Georgia,N/A,2018,District 11,11,20120101,"191,887","Loudermilk, Barry",Incumbent,"118,653","Broady, Flynn D. Jr.",Challenger,N/A,N/A,N/A,N/A,N/A,"73,234",R,0,61.79,38.21,
House,Georgia,N/A,2016,District 11,11,20120101,"217,935","Loudermilk, Barry",Incumbent,"105,383","Wilson, Don",Challenger,N/A,N/A,N/A,N/A,N/A,"112,552",R,0,67.41,32.59,
House,Georgia,N/A,2014,District 11,11,20120101,"161,532","Loudermilk, Barry",Challenger,N/A,N/A,N/A,N/A,N/A,N/A,N/A,N/A,"161,532",R,0,100,0,
House,Georgia,N/A,2012,District 11,11,20120101,"196,968","Gingrey, Phil",Incumbent,"90,353","Thompson, Patrick",Challenger,Write-in,30,"Levene, Allan",Challenger,N/A,"106,615",R,0.01,68.55,31.45,
House,Georgia,N/A,2018,District 12,12,20120101,"148,986","Allen, Rick",Incumbent,"101,503","Johnson, Francys",Challenger,Write-in,3,"Brown, Brian Russell",Challenger,N/A,"47,483",R,0,59.48,40.52,
House,Georgia,N/A,2016,District 12,12,20120101,"159,492","Allen, Rick",Incumbent,"99,420","McCracken, Patricia Carpenter",Challenger,N/A,N/A,N/A,N/A,N/A,"60,072",R,0,61.6,38.4,
House,Georgia,N/A,2014,District 12,12,20120101,"91,336","Allen, Rick",Challenger,"75,478","Barrow, John",Incumbent,N/A,N/A,N/A,N/A,N/A,"15,858",R,0,54.75,45.25,
House,Georgia,N/A,2012,District 12,12,20120101,"119,973","Anderson, Lee",Challenger,"139,148","Barrow, John",Incumbent,N/A,N/A,N/A,N/A,N/A,"19,175",D,0,46.3,53.7,
House,Georgia,N/A,2018,District 13,13,20120101,"69,760","Callahan, David",Challenger,"223,157","Scott, David",Incumbent,Write-in,93,"Cowen, Martin",Challenger,N/A,"153,397",D,0.03,23.82,76.18,
House,Georgia,N/A,2016,District 13,13,20120101,N/A,N/A,N/A,"252,833","Scott, David",Incumbent,N/A,N/A,N/A,N/A,N/A,"252,833",D,0,0,100,
House,Georgia,N/A,2014,District 13,13,20120101,N/A,N/A,N/A,"159,445","Scott, David",Incumbent,N/A,N/A,N/A,N/A,N/A,"159,445",D,0,0,100,
House,Georgia,N/A,2012,District 13,13,20120101,"79,550","Malik, S.",Challenger,"201,988","Scott, David",Incumbent,N/A,N/A,N/A,N/A,N/A,"122,438",D,0,28.26,71.74,
House,Georgia,N/A,2018,District 14,14,20120101,"175,743","Graves, Tom",Incumbent,"53,981","Foster, Steve Lamar",Challenger,N/A,N/A,N/A,N/A,N/A,"121,762",R,0,76.5,23.5,
House,Georgia,N/A,2016,District 14,14,20120101,"216,743","Graves, Tom",Incumbent,N/A,N/A,N/A,N/A,N/A,N/A,N/A,N/A,"216,743",R,0,100,0,
House,Georgia,N/A,2014,District 14,14,20120101,"118,782","Graves, Tom",Incumbent,N/A,N/A,N/A,N/A,N/A,N/A,N/A,N/A,"118,782",R,0,100,0,
House,Georgia,N/A,2012,District 14,14,20120101,"159,947","Graves, Tom",Incumbent,"59,245","Grant, Daniel",Challenger,N/A,N/A,N/A,N/A,N/A,"100,702",R,0,72.97,27.03,
,,,,,,,,,,,,,,,,,,,,,,,
,,,,,,,,,,,,,,,,,,,,,,,
,,,,,,,,,,,,,,,,,,,,,,,
CONGRESS 2012 to 2020 in HAWAII,,,,,,,,,,,,,,,,,,,,,,,
,,,,,,,,,,,,,,,,,,,,,,,
Office,State,CensusPop,raceYear,Area,AreaNumber,RedistrictedDate,RepVotes,RepCandidate,RepStatus,DemVotes,DemCandidate,DemStatus,ThirdParty,ThirdVotes,ThirdCandidate,ThirdStatus,OtherVotes,PluralityVotes,PluralityParty,ThirdVotesTotalPercent,RepVotesMajorPercent,DemVotesMajorPercent,RaceNotes
House,Hawaii,N/A,2018,District 1,1,20120101,"42,498","Cavasso, Cam",Challenger,"134,650","Case, Edward E.",Challenger,Libertarian,"3,498","Tippens, Michelle Rose",Challenger,"3,565","92,152",D,1.9,23.99,76.01,"The other vote was: Burd, Zachary B. (Green) 2,214; Griffin, Calvin (No Party Affiliation) 1,351"
House,Hawaii,N/A,2016,District 1,1,20120101,"45,958","Ostrov, Shirlene D.",Challenger,"145,417","Hanabusa, Colleen Wakako",Challenger,Libertarian,"6,601","Yim, Alan J.K.",Challenger,"4,381","99,459",D,3.26,24.01,75.99,"The other vote was: Griffin, Calvin (No Party Affiliation) 4,381"
House,Hawaii,N/A,2014,District 1,1,20120101,"86,454","Djou, Charles",Challenger,"93,390","Takai, Mark",Challenger,N/A,N/A,N/A,N/A,N/A,"6,936",D,0,48.07,51.93,
House,Hawaii,N/A,2012,District 1,1,20120101,"96,824","Djou, Charles",Challenger,"116,505","Hanabusa, Colleen Wakako",Incumbent,N/A,N/A,N/A,N/A,N/A,"19,681",D,0,45.39,54.61,
House,Hawaii,N/A,2018,District 2,2,20120101,"44,850","Evans, Brian",Challenger,"153,271","Gabbard, Tulsi",Incumbent,N/A,N/A,N/A,N/A,N/A,"108,421",D,0,22.64,77.36,
House,Hawaii,N/A,2016,District 2,2,20120101,"39,668","Kaaihue, Angela Aulani",Challenger,"170,848","Gabbard, Tulsi",Incumbent,N/A,N/A,N/A,N/A,N/A,"131,180",D,0,18.84,81.16,
House,Hawaii,N/A,2014,District 2,2,20120101,"33,630","Crowley, Kawika",Challenger,"142,010","Gabbard, Tulsi",Incumbent,Libertarian,"4,693","Kent, Joe",Challenger,N/A,"108,380",D,2.6,19.15,80.85,
House,Hawaii,N/A,2012,District 2,2,20120101,"40,707","Crowley, Kawika",Challenger,"168,503","Gabbard, Tulsi",Challenger,N/A,N/A,N/A,N/A,N/A,"127,796",D,0,19.46,80.54,
